0 Zer moduz, tom?	3.000000	null
1 Zer moduz	3.000000	1/0.0/0/noun,determiner,singular zer/111.87/10/noun,determiner,singular moduz/7.4/187/noun,determiner,singular 
2 Zer moduz!	3.000000	null
3 Zer moduz!	3.000000	null
4 Zer moduz!	3.000000	null
5 Zer moduz! Kaixo!	3.000000	null
6 Zer moduz!	3.000000	null
7 Zer moduz!	3.000000	null
8 Zer zara!	3.000000	null
9 Zer moduz!	3.000000	null
10 Zer moduz!	3.000000	null
11 Zer moduz!	3.000000	null
12 Zer moduz!	3.000000	null
13 Zer moduz!	3.000000	null
14 Zer moduz!	3.000000	null
15 Zer moduz!	3.000000	null
16 Zer moduz!	3.000000	null
17 Zer moduz!	3.000000	null
18 Zer moduz!	3.000000	null
19 Zer moduz!	3.000000	null
20 Zer moduz!	3.000000	null
21 Zer moduz!	3.000000	null
22 Zer moduz!	3.000000	null
23 Zer moduz!	3.000000	null
24 Zer moduz!	3.000000	null
25 Zer moduz!	3.000000	null
26 Zer moduz!	3.000000	null
27 Zer moduz!	3.000000	null
28 Zer moduz!	3.000000	null
29 Zer moduz!	3.000000	null
30 Zer moduz!	3.000000	null
31 Zer moduz!	3.000000	null
32 Zer moduz!	3.000000	null
33 Zer moduz!	3.000000	null
34 Zer moduz!	3.000000	null
35 Zer moduz!	3.000000	null
36 Zer moduz!	3.000000	null
37 Zer moduz!	3.000000	null
38 Zer moduz!	3.000000	null
39 Zer moduz!	3.000000	null
40 Zer moduz!	3.000000	null
41 Zer moduz!	3.000000	null
42 Zer moduz!	3.000000	null
43 Zer moduz!	3.000000	null
44 Zer moduz!	3.000000	null
45 Zer moduz!	3.000000	null
46 Zer moduz!	3.000000	null
47 Zer moduz!	3.000000	null
48 Zer moduz!	3.000000	null
49 Zer moduz!	3.000000	null
50 Zer moduz!	3.000000	null
51 Zer moduz!	3.000000	null
52 Zer moduz!	3.000000	null
53 Zer moduz!	3.000000	null
54 Zer moduz!	3.000000	null
55 Zer moduz!	3.000000	null
56 Zer moduz!	3.000000	null
57 Zer moduz!	3.000000	null
58 Zer moduz!	3.000000	null
59 Zer moduz!	3.000000	null
60 Zer moduz!	3.000000	null
61 Zer moduz!	3.000000	null
62 Zer moduz!	3.000000	null
63 Zer moduz!	3.000000	null
64 Zer moduz!	3.000000	null
65 Zer moduz!	3.000000	null
66 Zer moduz!	3.000000	null
67 Zer moduz!	3.000000	null
68 Zer moduz!	3.000000	null
69 Zer moduz!	3.000000	null
70 Zer moduz!	3.000000	null
71 Zer moduz!	3.000000	null
72 Zer moduz!	3.000000	null
73 Zer moduz!	3.000000	null
74 Zer moduz!	3.000000	null
75 Zer moduz!	3.000000	null
76 Zer moduz!	3.000000	null
77 Zer moduz!	3.000000	null
78 Zer moduz!	3.000000	null
79 Zer moduz!	3.000000	null
80 Zer moduz!	3.000000	null
81 Zer moduz!	3.000000	null
82 Zer moduz!	3.000000	null
83 Zer moduz!	3.000000	null
84 Zer moduz!	3.000000	null
85 Zer moduz!	3.000000	null
86 Zer moduz!	3.000000	null
87 Zer moduz!	3.000000	null
88 Zer moduz!	3.000000	null
89 Zer moduz!	3.000000	null
90 Zer moduz!	3.000000	null
91 Zer moduz!	3.000000	null
92 Zer moduz!	3.000000	null
93 Zer moduz!	3.000000	null
94 Zer moduz!	3.000000	null
95 Zer moduz!	3.000000	null
96 Zer moduz!	3.000000	null
97 Zer moduz!	3.000000	null
98 Zer moduz!	3.000000	null
99 Zer moduz!	3.000000	null
100 Zer moduz!	3.000000	null
101 Zer moduz!	3.000000	null
102 Zer moduz!	3.000000	null
103 Zer moduz!	3.000000	null
104 Zer moduz!	3.000000	null
105 Zer moduz!	3.000000	null
106 Zer moduz!	3.000000	null
107 Zer moduz!	3.000000	null
108 Zer moduz!	3.000000	null
109 Zer moduz!	3.000000	null
110 Zer moduz!	3.000000	null
111 Zer moduz!	3.000000	null
112 Zer moduz!	3.000000	null
113 Zer moduz!	3.000000	null
114 Zer moduz!	3.000000	null
115 Zer moduz!	3.000000	null
116 Zer moduz!	3.000000	null
117 Zer moduz!	3.000000	null
118 Zer moduz!	3.000000	null
119 Zer moduz!	3.000000	null
120 Zer moduz!	3.000000	null
121 Zer moduz!	3.000000	null
122 Zer moduz!	3.000000	null
123 Zer moduz!	3.000000	null
124 Zer moduz!	3.000000	null
125 Zer moduz!	3.000000	null
126 Zer moduz!	3.000000	null
127 Zer moduz!	3.000000	null
128 Zer moduz!	3.000000	null
129 Zer moduz!	3.000000	null
130 Zer moduz!	3.000000	null
131 Zer moduz!	3.000000	null
132 Zer moduz!	3.000000	null
133 Zer moduz!	3.000000	null
134 Zer moduz!	3.000000	null
135 Zer moduz!	3.000000	null
136 Zer moduz!	3.000000	null
137 Zer moduz!	3.000000	null
138 Zer moduz!	3.000000	null
139 Zer moduz!	3.000000	null
140 Zer moduz!	3.000000	null
141 Zer moduz!	3.000000	null
142 Zer moduz!	3.000000	null
143 Zer moduz!	3.000000	null
144 Zer moduz!	3.000000	null
145 Zer moduz!	3.000000	null
146 Zer moduz!	3.000000	null
147 Zer moduz!	3.000000	null
148 Zer moduz!	3.000000	null
149 Zer moduz!	3.000000	null
150 Zer moduz!	3.000000	null
151 Zer moduz!	3.000000	null
152 Zer moduz!	3.000000	null
153 Zer moduz!	3.000000	null
154 Zer moduz!	3.000000	null
155 Zer moduz!	3.000000	null
156 Zer moduz!	3.000000	null
157 Zer moduz!	3.000000	null
158 Zer moduz!	3.000000	null
159 Zer moduz!	3.000000	null
160 Zer moduz!	3.000000	null
161 Zer moduz!	3.000000	null
162 Zer moduz!	3.000000	null
163 Zer moduz!	3.000000	null
164 Zer moduz!	3.000000	null
165 Zer moduz!	3.000000	null
166 Zer moduz!	3.000000	null
167 Zer moduz!	3.000000	null
168 Zer moduz!	3.000000	null
169 Zer moduz!	3.000000	null
170 Zer moduz!	3.000000	null
171 Zer moduz!	3.000000	null
172 Zer moduz!	3.000000	null
173 Zer moduz!	3.000000	null
174 Zer moduz!	3.000000	null
175 Zer moduz!	3.000000	null
176 Zer moduz!	3.000000	null
177 Zer moduz!	3.000000	null
178 Zer moduz!	3.000000	null
179 Zer moduz!	3.000000	null
180 Zer moduz!	3.000000	null
181 Zer moduz!	3.000000	null
182 Zer moduz!	3.000000	null
183 Zer moduz!	3.000000	null
184 Zer moduz!	3.000000	null
185 Zer moduz!	3.000000	null
186 Zer moduz!	3.000000	null
187 Zer moduz!	3.000000	null
188 Zer moduz!	3.000000	null
189 Zer moduz!	3.000000	null
190 Zer moduz!	3.000000	null
191 Zer moduz!	3.000000	null
192 Zer moduz!	3.000000	null
193 Zer moduz!	3.000000	null
194 Zer moduz!	3.000000	null
195 Zer moduz!	3.000000	null
196 Zer moduz!	3.000000	null
197 Zer moduz!	3.000000	null
198 Zer moduz!	3.000000	null
199 Zer moduz!	3.000000	null
200 Zer moduz!	3.000000	null
201 Zer moduz!	3.000000	null
202 Zer moduz!	3.000000	null
203 Zer moduz!	3.000000	null
204 Zer moduz!	3.000000	null
205 Zer moduz!	3.000000	null
206 Zer moduz!	3.000000	null
207 Zer moduz!	3.000000	null
208 Zer moduz!	3.000000	null
209 Zer moduz!	3.000000	null
210 Zer moduz!	3.000000	null
211 Zer moduz!	3.000000	null
212 Zer moduz!	3.000000	null
213 Zer moduz!	3.000000	null
214 Zer moduz!	3.000000	null
215 Zer moduz!	3.000000	null
216 Zer moduz!	3.000000	null
217 Zer moduz!	3.000000	null
218 Zer moduz!	3.000000	null
219 Zer moduz!	3.000000	null
220 Zer moduz!	3.000000	null
221 Zer moduz!	3.000000	null
222 Zer moduz!	3.000000	null
223 Zer moduz!	3.000000	null
224 Zer moduz!	3.000000	null
225 Zer moduz!	3.000000	null
226 Zer moduz!	3.000000	null
227 Zer moduz!	3.000000	null
228 Zer moduz!	3.000000	null
229 Zer moduz!	3.000000	null
230 Zer moduz!	3.000000	null
231 Zer moduz!	3.000000	null
232 Zer moduz!	3.000000	null
233 Zer moduz!	3.000000	null
234 Zer moduz!	3.000000	null
235 Zer moduz!	3.000000	null
236 Zer moduz!	3.000000	null
237 Zer moduz!	3.000000	null
238 Zer moduz!	3.000000	null
239 Zer moduz!	3.000000	null
240 Zer moduz!	3.000000	null
241 Zer moduz!	3.000000	null
242 Zer moduz!	3.000000	null
243 Zer moduz!	3.000000	null
244 Zer moduz!	3.000000	null
245 Zer moduz!	3.000000	null
246 Zer moduz!	3.000000	null
247 Zer moduz!	3.000000	null
248 Zer moduz!	3.000000	null
249 Zer moduz!	3.000000	null
250 Zer moduz!	3.000000	null
251 Zer moduz!	3.000000	null
252 Zer moduz!	3.000000	null
253 Zer moduz!	3.000000	null
254 Zer moduz!	3.000000	null
255 Zer moduz!	3.000000	null
256 Zer moduz!	3.000000	null
257 Zer moduz!	3.000000	null
258 Zer moduz!	3.000000	null
259 Zer moduz!	3.000000	null
260 Zer moduz!	3.000000	null
261 Zer moduz!	3.000000	null
262 Zer moduz!	3.000000	null
263 Zer moduz!	3.000000	null
264 Zer moduz!	3.000000	null
265 Zer moduz!	3.000000	null
266 Zer moduz!	3.000000	null
267 Zer moduz!	3.000000	null
268 Zer moduz!	3.000000	null
269 Zer moduz!	3.000000	null
270 Zer moduz!	3.000000	null
271 Zer moduz!	3.000000	null
272 Zer moduz!	3.000000	null
273 Zer moduz!	3.000000	null
274 Zer moduz!	3.000000	null
275 Zer moduz!	3.000000	null
276 Zer moduz!	3.000000	null
277 Zer moduz!	3.000000	null
278 Zer moduz!	3.000000	null
279 Zer moduz!	3.000000	null
280 Zer moduz!	3.000000	null
281 Zer moduz!	3.000000	null
282 Zer moduz!	3.000000	null
283 Zer moduz!	3.000000	null
284 Zer moduz!	3.000000	null
285 Zer moduz!	3.000000	null
286 Zer moduz!	3.000000	null
287 Zer moduz!	3.000000	null
288 Zer moduz!	3.000000	null
289 Zer moduz!	3.000000	null
290 Zer moduz!	3.000000	null
291 Zer moduz!	3.000000	null
292 Zer moduz!	3.000000	null
293 Zer moduz!	3.000000	null
294 Zer moduz!	3.000000	null
295 Zer moduz!	3.000000	null
296 Zer moduz!	3.000000	null
297 Zer moduz!	3.000000	null
298 Zer moduz!	3.000000	null
299 Zer moduz!	3.000000	null
300 Zer moduz!	3.000000	null
301 Zer moduz!	3.000000	null
302 Zer moduz!	3.000000	null
303 Zer moduz!	3.000000	null
304 Zer moduz!	3.000000	null
305 Zer moduz!	3.000000	null
306 Zer moduz!	3.000000	null
307 Zer moduz!	3.000000	null
308 Zer moduz!	3.000000	null
309 Zer moduz!	3.000000	null
310 Zer moduz!	3.000000	null
311 Zer moduz!	3.000000	null
312 Zer moduz!	3.000000	null
313 Zer moduz!	3.000000	null
314 Zer moduz!	3.000000	null
315 Zer moduz!	3.000000	null
316 Zer moduz!	3.000000	null
317 Zer moduz!	3.000000	null
318 Zer moduz!	3.000000	null
319 Zer moduz!	3.000000	null
320 Zer moduz!	3.000000	null
321 Zer moduz!	3.000000	null
322 Zer moduz!	3.000000	null
323 Zer moduz!	3.000000	null
324 Zer moduz!	3.000000	null
325 Zer moduz!	3.000000	null
326 Zer moduz!	3.000000	null
327 Zer moduz!	3.000000	null
328 Zer moduz!	3.000000	null
329 Zer moduz!	3.000000	null
330 Zer moduz!	3.000000	null
331 Zer moduz!	3.000000	null
332 Zer moduz!	3.000000	null
333 Zer moduz!	3.000000	null
334 Zer moduz!	3.000000	null
335 Zer moduz!	3.000000	null
336 Zer moduz!	3.000000	null
337 Zer moduz!	3.000000	null
338 Zer moduz!	3.000000	null
339 Zer moduz!	3.000000	null
340 Zer moduz!	3.000000	null
341 Zer moduz!	3.000000	null
342 Zer moduz!	3.000000	null
343 Zer moduz!	3.000000	null
344 Zer moduz!	3.000000	null
345 Zer moduz!	3.000000	null
346 Zer moduz!	3.000000	null
347 Zer moduz!	3.000000	null
348 Zer moduz!	3.000000	null
349 Zer moduz!	3.000000	null
350 Zer moduz!	3.000000	null
351 Zer moduz!	3.000000	null
352 Zer moduz!	3.000000	null
353 Zer moduz!	3.000000	null
354 Zer moduz!	3.000000	null
355 Zer moduz!	3.000000	null
356 Zer moduz!	3.000000	null
357 Zer moduz!	3.000000	null
358 Zer moduz!	3.000000	null
359 Zer moduz!	3.000000	null
360 Zer moduz!	3.000000	null
361 Zer moduz!	3.000000	null
362 Zer moduz!	3.000000	null
363 Zer moduz!	3.000000	null
364 Zer moduz!	3.000000	null
365 Zer moduz!	3.000000	null
366 Zer moduz!	3.000000	null
367 Zer moduz!	3.000000	null
368 Zer moduz!	3.000000	null
369 Zer moduz!	3.000000	null
370 Zer moduz!	3.000000	null
371 Zer moduz!	3.000000	null
372 Zer moduz!	3.000000	null
373 Zer moduz!	3.000000	null
374 Zer moduz!	3.000000	null
375 Zer moduz!	3.000000	null
376 Zer moduz!	3.000000	null
377 Zer moduz!	3.000000	null
378 Zer moduz!	3.000000	null
379 Zer moduz!	3.000000	null
380 Zer moduz!	3.000000	null
381 Zer moduz!	3.000000	null
382 Zer moduz!	3.000000	null
383 Zer moduz!	3.000000	null
384 Zer moduz!	3.000000	null
385 Zer moduz!	3.000000	null
386 Zer moduz!	3.000000	null
387 Zer moduz!	3.000000	null
388 Zer moduz!	3.000000	null
389 Zer moduz!	3.000000	null
390 Zer moduz!	3.000000	null
391 Zer moduz!	3.000000	null
392 Zer moduz!	3.000000	null
393 Zer moduz!	3.000000	null
394 Zer moduz!	3.000000	null
395 Zer moduz!	3.000000	null
396 Zer moduz!	3.000000	null
397 Zer moduz!	3.000000	null
398 Zer moduz!	3.000000	null
399 Zer moduz!	3.000000	null
400 Zer moduz!	3.000000	null
401 Zer moduz!	3.000000	null
402 Zer moduz!	3.000000	null
403 Zer moduz!	3.000000	null
404 Zer moduz!	3.000000	null
405 Zer moduz!	3.000000	null
406 Zer moduz!	3.000000	null
407 Zer moduz!	3.000000	null
408 Zer moduz!	3.000000	null
409 Zer moduz!	3.000000	null
410 Zer moduz!	3.000000	null
411 Zer moduz!	3.000000	null
412 Zer moduz!	3.000000	null
413 Zer moduz!	3.000000	null
414 Zer moduz!	3.000000	null
415 Zer moduz!	3.000000	null
416 Zer moduz!	3.000000	null
417 Zer moduz!	3.000000	null
418 Zer moduz!	3.000000	null
419 Zer moduz!	3.000000	null
420 Zer moduz!	3.000000	null
421 Zer moduz!	3.000000	null
422 Zer moduz!	3.000000	null
423 Zer moduz!	3.000000	null
424 Zer moduz!	3.000000	null
425 Zer moduz!	3.000000	null
426 Zer moduz!	3.000000	null
427 Zer moduz!	3.000000	null
428 Zer moduz!	3.000000	null
429 Zer moduz!	3.000000	null
430 Zer moduz!	3.000000	null
431 Zer moduz!	3.000000	null
432 Zer moduz!	3.000000	null
433 Zer moduz!	3.000000	null
434 Zer moduz!	3.000000	null
435 Zer moduz!	3.000000	null
436 Zer moduz!	3.000000	null
437 Zer moduz!	3.000000	null
438 Zer moduz!	3.000000	null
439 Zer moduz!	3.000000	null
440 Zer moduz!	3.000000	null
441 Zer moduz!	3.000000	null
442 Zer moduz!	3.000000	null
443 Zer moduz!	3.000000	null
444 Zer moduz!	3.000000	null
445 Zer moduz!	3.000000	null
446 Zer moduz!	3.000000	null
447 Zer moduz!	3.000000	null
448 Zer moduz!	3.000000	null
449 Zer moduz!	3.000000	null
450 Zer moduz!	3.000000	null
451 Zer moduz!	3.000000	null
452 Zer moduz!	3.000000	null
453 Zer moduz!	3.000000	null
454 Zer moduz!	3.000000	null
455 Zer moduz!	3.000000	null
456 Zer moduz!	3.000000	null
457 Zer moduz!	3.000000	null
458 Zer moduz!	3.000000	null
459 Zer moduz!	3.000000	null
460 Zer moduz!	3.000000	null
461 Zer moduz!	3.000000	null
462 Zer moduz!	3.000000	null
463 Zer moduz!	3.000000	null
464 Zer moduz!	3.000000	null
465 Zer moduz!	3.000000	null
466 Zer moduz!	3.000000	null
467 Zer moduz!	3.000000	null
468 Zer moduz!	3.000000	null
469 Zer moduz!	3.000000	null
470 Zer moduz!	3.000000	null
471 Zer moduz!	3.000000	null
472 Zer moduz!	3.000000	null
473 Zer moduz!	3.000000	null
474 Zer moduz!	3.000000	null
475 Zer moduz!	3.000000	null
476 Zer moduz!	3.000000	null
477 Zer moduz!	3.000000	null
478 Zer moduz!	3.000000	null
479 Zer moduz!	3.000000	null
480 Zer moduz!	3.000000	null
481 Zer moduz!	3.000000	null
482 Zer moduz!	3.000000	null
483 Zer moduz!	3.000000	null
484 Zer moduz!	3.000000	null
485 Zer moduz!	3.000000	null
486 Zer moduz!	3.000000	null
487 Zer moduz!	3.000000	null
488 Zer moduz!	3.000000	null
489 Zer moduz!	3.000000	null
490 Zer moduz!	3.000000	null
491 Zer moduz!	3.000000	null
492 Zer moduz!	3.000000	null
493 Zer moduz!	3.000000	null
494 Zer moduz!	3.000000	null
495 Zer moduz!	3.000000	null
496 Zer moduz!	3.000000	null
497 Zer moduz!	3.000000	null
498 Zer moduz!	3.000000	null
499 Zer moduz!	3.000000	null
500 Zer moduz!	3.000000	null
501 Zer moduz!	3.000000	null
502 Zer moduz!	3.000000	null
503 Zer moduz!	3.000000	null
504 Zer moduz!	3.000000	null
505 Zer moduz!	3.000000	null
506 Zer moduz!	3.000000	null
507 Zer moduz!	3.000000	null
508 Zer moduz!	3.000000	null
509 Zer moduz!	3.000000	null
510 Zer moduz!	3.000000	null
511 Zer moduz!	3.000000	null
512 Zer moduz!	3.000000	null
513 Zer moduz!	3.000000	null
514 Zer moduz!	3.000000	null
515 Zer moduz!	3.000000	null
516 Zer moduz!	3.000000	null
517 Zer moduz!	3.000000	null
518 Zer moduz!	3.000000	null
519 Zer moduz!	3.000000	null
520 Zer moduz!	3.000000	null
521 Zer moduz!	3.000000	null
522 Zer moduz!	3.000000	null
523 Zer moduz!	3.000000	null
524 Zer moduz!	3.000000	null
525 Zer moduz!	3.000000	null
526 Zer moduz!	3.000000	null
527 Zer moduz!	3.000000	null
528 Zer moduz!	3.000000	null
529 Zer moduz!	3.000000	null
530 Zer moduz!	3.000000	null
531 Zer moduz!	3.000000	null
532 Zer moduz!	3.000000	null
533 Zer moduz!	3.000000	null
534 Zer moduz!	3.000000	null
535 Zer moduz!	3.000000	null
536 Zer moduz!	3.000000	null
537 Zer moduz!	3.000000	null
538 Zer moduz!	3.000000	null
539 Zer moduz!	3.000000	null
540 Zer moduz!	3.000000	null
541 Zer moduz!	3.000000	null
542 Zer moduz!	3.000000	null
543 Zer moduz!	3.000000	null
544 Zer moduz!	3.000000	null
545 Zer moduz!	3.000000	null
546 Zer moduz!	3.000000	null
547 Zer moduz!	3.000000	null
548 Zer moduz!	3.000000	null
549 Zer moduz!	3.000000	null
550 Zer moduz!	3.000000	null
551 Zer moduz!	3.000000	null
552 Zer moduz!	3.000000	null
553 Zer moduz!	3.000000	null
554 Zer moduz!	3.000000	null
555 Zer moduz!	3.000000	null
556 Zer moduz!	3.000000	null
557 Zer moduz!	3.000000	null
558 Zer moduz!	3.000000	null
559 Zer moduz!	3.000000	null
560 Zer moduz!	3.000000	null
561 Zer moduz!	3.000000	null
562 Zer moduz!	3.000000	null
563 Zer moduz!	3.000000	null
564 Zer moduz!	3.000000	null
565 Zer moduz!	3.000000	null
566 Zer moduz!	3.000000	null
567 Zer moduz!	3.000000	null
568 Zer moduz!	3.000000	null
569 Zer moduz!	3.000000	null
570 Zer moduz!	3.000000	null
571 Zer moduz!	3.000000	null
572 Zer moduz!	3.000000	null
573 Zer moduz!	3.000000	null
574 Zer moduz!	3.000000	null
575 Zer moduz!	3.000000	null
576 Zer moduz!	3.000000	null
577 Zer moduz!	3.000000	null
578 Zer moduz!	3.000000	null
579 Zer moduz!	3.000000	null
580 Zer moduz!	3.000000	null
581 Zer moduz!	3.000000	null
582 Zer moduz!	3.000000	null
583 Zer moduz!	3.000000	null
584 Zer moduz!	3.000000	null
585 Zer moduz!	3.000000	null
586 Zer moduz!	3.000000	null
587 Zer moduz!	3.000000	null
588 Zer moduz!	3.000000	null
589 Zer moduz!	3.000000	null
590 Zer moduz!	3.000000	null
591 Zer moduz!	3.000000	null
592 Zer moduz!	3.000000	null
593 Zer moduz!	3.000000	null
594 Zer moduz!	3.000000	null
595 Zer moduz!	3.000000	null
596 Zer moduz!	3.000000	null
597 Zer moduz!	3.000000	null
598 Zer moduz!	3.000000	null
599 Zer moduz!	3.000000	null
600 Zer moduz!	3.000000	null
601 Zer moduz!	3.000000	null
602 Zer moduz!	3.000000	null
603 Zer moduz!	3.000000	null
604 Zer moduz!	3.000000	null
605 Zer moduz!	3.000000	null
606 Zer moduz!	3.000000	null
607 Zer moduz!	3.000000	null
608 Zer moduz!	3.000000	null
609 Zer moduz!	3.000000	null
610 Zer moduz!	3.000000	null
611 Zer moduz!	3.000000	null
612 Zer moduz!	3.000000	null
613 Zer moduz!	3.000000	null
614 Zer moduz!	3.000000	null
615 Zer moduz!	3.000000	null
616 Zer moduz!	3.000000	null
617 Zer moduz!	3.000000	null
618 Zer moduz!	3.000000	null
619 Zer moduz!	3.000000	null
620 Zer moduz!	3.000000	null
621 Zer moduz!	3.000000	null
622 Zer moduz!	3.000000	null
623 Zer moduz!	3.000000	null
624 Zer moduz!	3.000000	null
625 Zer moduz!	3.000000	null
626 Zer moduz!	3.000000	null
627 Zer moduz!	3.000000	null
628 Zer moduz!	3.000000	null
629 Zer moduz!	3.000000	null
630 Zer moduz!	3.000000	null
631 Zer moduz!	3.000000	null
632 Zer moduz!	3.000000	null
633 Zer moduz!	3.000000	null
634 Zer moduz!	3.000000	null
635 Zer moduz!	3.000000	null
636 Zer moduz!	3.000000	null
637 Zer moduz!	3.000000	null
638 Zer moduz!	3.000000	null
639 Zer moduz!	3.000000	null
640 Zer moduz!	3.000000	null
641 Zer moduz!	3.000000	null
642 Zer moduz!	3.000000	null
643 Zer moduz!	3.000000	null
644 Zer moduz!	3.000000	null
645 Zer moduz!	3.000000	null
646 Zer moduz!	3.000000	null
647 Zer moduz!	3.000000	null
648 Zer moduz!	3.000000	null
649 Zer moduz!	3.000000	null
650 Zer moduz!	3.000000	null
651 Zer moduz!	3.000000	null
652 Zer moduz!	3.000000	null
653 Zer moduz!	3.000000	null
654 Zer moduz!	3.000000	null
655 Zer moduz!	3.000000	null
656 Zer moduz!	3.000000	null
657 Zer moduz!	3.000000	null
658 Zer moduz!	3.000000	null
659 Zer moduz!	3.000000	null
660 Zer moduz!	3.000000	null
661 Zer moduz!	3.000000	null
662 Zer moduz!	3.000000	null
663 Zer moduz!	3.000000	null
664 Zer moduz!	3.000000	null
665 Zer moduz!	3.000000	null
666 Zer moduz!	3.000000	null
667 Zer moduz!	3.000000	null
668 Zer moduz!	3.000000	null
669 Zer moduz!	3.000000	null
670 Zer moduz!	3.000000	null
671 Zer moduz!	3.000000	null
672 Zer moduz!	3.000000	null
673 Zer moduz!	3.000000	null
674 Zer moduz!	3.000000	null
675 Zer moduz!	3.000000	null
676 Zer moduz!	3.000000	null
677 Zer moduz!	3.000000	null
678 Zer moduz!	3.000000	null
679 Zer moduz!	3.000000	null
680 Zer moduz!	3.000000	null
681 Zer moduz!	3.000000	null
682 Zer moduz!	3.000000	null
683 Zer moduz!	3.000000	null
684 Zer moduz!	3.000000	null
685 Zer moduz!	3.000000	null
686 Zer moduz!	3.000000	null
687 Zer moduz!	3.000000	null
688 Zer moduz!	3.000000	null
689 Zer moduz!	3.000000	null
690 Zer moduz!	3.000000	null
691 Zer moduz!	3.000000	null
692 Zer moduz!	3.000000	null
693 Zer moduz!	3.000000	null
694 Zer moduz!	3.000000	null
695 Zer moduz!	3.000000	null
696 Zer moduz!	3.000000	null
697 Zer moduz!	3.000000	null
698 Zer moduz!	3.000000	null
699 Zer moduz!	3.000000	null
700 Zer moduz!	3.000000	null
701 Zer moduz!	3.000000	null
702 Zer moduz!	3.000000	null
703 Zer moduz!	3.000000	null
704 Zer moduz!	3.000000	null
705 Zer moduz!	3.000000	null
706 Zer moduz!	3.000000	null
707 Zer moduz!	3.000000	null
708 Zer moduz!	3.000000	null
709 Zer moduz!	3.000000	null
710 Zer moduz!	3.000000	null
711 Zer moduz!	3.000000	null
712 Zer moduz!	3.000000	null
713 Zer moduz!	3.000000	null
714 Zer moduz!	3.000000	null
715 Zer moduz!	3.000000	null
716 Zer moduz!	3.000000	null
717 Zer moduz!	3.000000	null
718 Zer moduz!	3.000000	null
719 Zer moduz!	3.000000	null
720 Zer moduz!	3.000000	null
721 Zer moduz!	3.000000	null
722 Zer moduz!	3.000000	null
723 Zer moduz!	3.000000	null
724 Zer moduz!	3.000000	null
725 Zer moduz!	3.000000	null
726 Zer moduz!	3.000000	null
727 Zer moduz!	3.000000	null
728 Zer moduz!	3.000000	null
729 Zer moduz!	3.000000	null
730 Zer moduz!	3.000000	null
731 Zer moduz!	3.000000	null
732 Zer moduz!	3.000000	null
733 Zer moduz!	3.000000	null
734 Zer moduz!	3.000000	null
735 Zer moduz!	3.000000	null
736 Zer moduz!	3.000000	null
737 Zer moduz!	3.000000	null
738 Zer moduz!	3.000000	null
739 Zer moduz!	3.000000	null
740 Zer moduz!	3.000000	null
741 Zer moduz!	3.000000	null
742 Zer moduz!	3.000000	null
743 Zer moduz!	3.000000	null
744 Zer moduz!	3.000000	null
745 Zer moduz!	3.000000	null
746 Zer moduz!	3.000000	null
747 Zer moduz!	3.000000	null
748 Zer moduz!	3.000000	null
749 Zer moduz!	3.000000	null
750 Zer moduz!	3.000000	null
751 Zer moduz!	3.000000	null
752 Zer moduz!	3.000000	null
753 Zer moduz!	3.000000	null
754 Zer moduz!	3.000000	null
755 Zer moduz!	3.000000	null
756 Zer moduz!	3.000000	null
757 Zer moduz!	3.000000	null
758 Zer moduz!	3.000000	null
759 Zer moduz!	3.000000	null
760 Zer moduz!	3.000000	null
761 Zer moduz!	3.000000	null
762 Zer moduz!	3.000000	null
763 Zer moduz!	3.000000	null
764 Zer moduz!	3.000000	null
765 Zer moduz!	3.000000	null
766 Zer moduz!	3.000000	null
767 Zer moduz!	3.000000	null
768 Zer moduz!	3.000000	null
769 Zer moduz!	3.000000	null
770 Zer moduz!	3.000000	null
771 Zer moduz!	3.000000	null
772 Zer moduz!	3.000000	null
773 Zer moduz!	3.000000	null
774 Zer moduz!	3.000000	null
775 Zer moduz!	3.000000	null
776 Zer moduz!	3.000000	null
777 Zer moduz!	3.000000	null
778 Zer moduz!	3.000000	null
779 Zer moduz!	3.000000	null
780 Zer moduz!	3.000000	null
781 Zer moduz!	3.000000	null
782 Zer moduz!	3.000000	null
783 Zer moduz!	3.000000	null
784 Zer moduz!	3.000000	null
785 Zer moduz!	3.000000	null
786 Zer moduz!	3.000000	null
787 Zer moduz!	3.000000	null
788 Zer moduz!	3.000000	null
789 Zer moduz!	3.000000	null
790 Zer moduz!	3.000000	null
791 Zer moduz!	3.000000	null
792 Zer moduz!	3.000000	null
793 Zer moduz!	3.000000	null
794 Zer moduz!	3.000000	null
795 Zer moduz!	3.000000	null
796 Zer moduz!	3.000000	null
797 Zer moduz!	3.000000	null
798 Zer moduz!	3.000000	null
799 Zer moduz!	3.000000	null
800 Zer moduz!	3.000000	null
801 Zer moduz!	3.000000	null
802 Zer moduz!	3.000000	null
803 Zer moduz!	3.000000	null
804 Zer moduz!	3.000000	null
805 Zer moduz!	3.000000	null
806 Zer moduz!	3.000000	null
807 Zer moduz!	3.000000	null
808 Zer moduz!	3.000000	null
809 Zer moduz!	3.000000	null
810 Zer moduz!	3.000000	null
811 Zer moduz!	3.000000	null
812 Zer moduz!	3.000000	null
813 Zer moduz!	3.000000	null
814 Zer moduz!	3.000000	null
815 Zer moduz!	3.000000	null
816 Zer moduz!	3.000000	null
817 Zer moduz!	3.000000	null
818 Zer moduz!	3.000000	null
819 Zer moduz!	3.000000	null
820 Zer moduz!	3.000000	null
821 Zer moduz!	3.000000	null
822 Zer moduz!	3.000000	null
823 Zer moduz!	3.000000	null
824 Zer moduz!	3.000000	null
825 Zer moduz!	3.000000	null
826 Zer moduz!	3.000000	null
827 Zer moduz!	3.000000	null
828 Zer moduz!	3.000000	null
829 Zer moduz!	3.000000	null
830 Zer moduz!	3.000000	null
831 Zer moduz!	3.000000	null
832 Zer moduz!	3.000000	null
833 Zer moduz!	3.000000	null
834 Zer moduz!	3.000000	null
835 Zer moduz!	3.000000	null
836 Zer moduz!	3.000000	null
837 Zer moduz!	3.000000	null
838 Zer moduz!	3.000000	null
839 Zer moduz!	3.000000	null
840 Zer moduz!	3.000000	null
841 Zer moduz!	3.000000	null
842 Zer moduz!	3.000000	null
843 Zer moduz!	3.000000	null
844 Zer moduz!	3.000000	null
845 Zer moduz!	3.000000	null
846 Zer moduz!	3.000000	null
847 Zer moduz!	3.000000	null
848 Zer moduz!	3.000000	null
849 Zer moduz!	3.000000	null
850 Zer moduz!	3.000000	null
851 Zer moduz!	3.000000	null
852 Zer moduz!	3.000000	null
853 Zer moduz!	3.000000	null
854 Zer moduz!	3.000000	null
855 Zer moduz!	3.000000	null
856 Zer moduz!	3.000000	null
857 Zer moduz!	3.000000	null
858 Zer moduz!	3.000000	null
859 Zer moduz!	3.000000	null
860 Zer moduz!	3.000000	null
861 Zer moduz!	3.000000	null
862 Zer moduz!	3.000000	null
863 Zer moduz!	3.000000	null
864 Zer moduz!	3.000000	null
865 Zer moduz!	3.000000	null
866 Zer moduz!	3.000000	null
867 Zer moduz!	3.000000	null
868 Zer moduz!	3.000000	null
869 Zer moduz!	3.000000	null
870 Zer moduz!	3.000000	null
871 Zer moduz!	3.000000	null
872 Zer moduz!	3.000000	null
873 Zer moduz!	3.000000	null
874 Zer moduz!	3.000000	null
875 Zer moduz!	3.000000	null
876 Zer moduz!	3.000000	null
877 Zer moduz!	3.000000	null
878 Zer moduz!	3.000000	null
879 Zer moduz!	3.000000	null
880 Zer moduz!	3.000000	null
881 Zer moduz!	3.000000	null
882 Zer moduz!	3.000000	null
883 Zer moduz!	3.000000	null
884 Zer moduz!	3.000000	null
885 Zer moduz!	3.000000	null
886 Zer moduz!	3.000000	null
887 Zer moduz!	3.000000	null
888 Zer moduz!	3.000000	null
889 Zer moduz!	3.000000	null
890 Zer moduz!	3.000000	null
891 Zer moduz!	3.000000	null
892 Zer moduz!	3.000000	null
893 Zer moduz!	3.000000	null
894 Zer moduz!	3.000000	null
895 Zer moduz!	3.000000	null
896 Zer moduz!	3.000000	null
897 Zer moduz!	3.000000	null
898 Zer moduz!	3.000000	null
899 Zer moduz!	3.000000	null
900 Zer moduz!	3.000000	null
901 Zer moduz!	3.000000	null
902 Zer moduz!	3.000000	null
903 Zer moduz!	3.000000	null
904 Zer moduz!	3.000000	null
905 Zer moduz!	3.000000	null
906 Zer moduz!	3.000000	null
907 Zer moduz!	3.000000	null
908 Zer moduz!	3.000000	null
909 Zer moduz!	3.000000	null
910 Zer moduz!	3.000000	null
911 Zer moduz!	3.000000	null
912 Zer moduz!	3.000000	null
913 Zer moduz!	3.000000	null
914 Zer moduz!	3.000000	null
915 Zer moduz!	3.000000	null
916 Zer moduz!	3.000000	null
917 Zer moduz!	3.000000	null
918 Zer moduz!	3.000000	null
919 Zer moduz!	3.000000	null
920 Zer moduz!	3.000000	null
921 Zer moduz!	3.000000	null
922 Zer moduz!	3.000000	null
923 Zer moduz!	3.000000	null
924 Zer moduz!	3.000000	null
925 Zer moduz!	3.000000	null
926 Zer moduz!	3.000000	null
927 Zer moduz!	3.000000	null
928 Zer moduz!	3.000000	null
929 Zer moduz!	3.000000	null
930 Zer moduz!	3.000000	null
931 Zer moduz!	3.000000	null
932 Zer moduz!	3.000000	null
933 Zer moduz!	3.000000	null
934 Zer moduz!	3.000000	null
935 Zer moduz!	3.000000	null
936 Zer moduz!	3.000000	null
937 Zer moduz!	3.000000	null
938 Zer moduz!	3.000000	null
939 Zer moduz!	3.000000	null
940 Zer moduz!	3.000000	null
941 Zer moduz!	3.000000	null
942 Zer moduz!	3.000000	null
943 Zer moduz!	3.000000	null
944 Zer moduz!	3.000000	null
945 Zer moduz!	3.000000	null
946 Zer moduz!	3.000000	null
947 Zer moduz!	3.000000	null
948 Zer moduz!	3.000000	null
949 Zer moduz!	3.000000	null
950 Zer moduz!	3.000000	null
951 Zer moduz!	3.000000	null
952 Zer moduz!	3.000000	null
953 Zer moduz!	3.000000	null
954 Zer moduz!	3.000000	null
955 Zer moduz!	3.000000	null
956 Zer moduz!	3.000000	null
957 Zer moduz!	3.000000	null
958 Zer moduz!	3.000000	null
959 Zer moduz!	3.000000	null
960 Zer moduz!	3.000000	null
961 Zer moduz!	3.000000	null
962 Zer moduz!	3.000000	null
963 Zer moduz!	3.000000	null
964 Zer moduz!	3.000000	null
965 Zer moduz!	3.000000	null
966 Zer moduz!	3.000000	null
967 Zer moduz!	3.000000	null
968 Zer moduz!	3.000000	null
969 Zer moduz!	3.000000	null
970 Zer moduz!	3.000000	null
971 Zer moduz!	3.000000	null
972 Zer moduz!	3.000000	null
973 Zer moduz!	3.000000	null
974 Zer moduz!	3.000000	null
975 Zer moduz!	3.000000	null
976 Zer moduz!	3.000000	null
977 Zer moduz!	3.000000	null
978 Zer moduz!	3.000000	null
979 Zer moduz!	3.000000	null
980 Zer moduz!	3.000000	null
981 Zer moduz!	3.000000	null
982 Zer moduz!	3.000000	null
983 Zer moduz!	3.000000	null
984 Zer moduz!	3.000000	null
985 Zer moduz!	3.000000	null
986 Zer moduz!	3.000000	null
987 Zer moduz!	3.000000	null
988 Zer moduz!	3.000000	null
989 Zer moduz!	3.000000	null
990 Zer moduz!	3.000000	null
991 Zer moduz!	3.000000	null
992 Zer moduz!	3.000000	null
993 Zer moduz!	3.000000	null
994 Zer moduz!	3.000000	null
995 Zer moduz!	3.000000	null
996 Zer moduz!	3.000000	null
997 Zer moduz!	3.000000	null
998 Zer moduz!	3.000000	null
999 Zer moduz!	3.000000	null
1000 Zer moduz!	3.000000	null
1001 Zer moduz!	3.000000	null
1002 Zer moduz!	3.000000	null
1003 Zer moduz!	3.000000	null
1004 Zer moduz!	3.000000	null
1005 Zer moduz!	3.000000	null
1006 Zer moduz!	3.000000	null
1007 Zer moduz!	3.000000	null
1008 Zer moduz!	3.000000	null
1009 Zer moduz!	3.000000	null
1010 Zer moduz!	3.000000	null
1011 Zer moduz!	3.000000	null
1012 Zer moduz!	3.000000	null
1013 Zer moduz!	3.000000	null
1014 Zer moduz!	3.000000	null
1015 Zer moduz!	3.000000	null
1016 Zer moduz!	3.000000	null
1017 Zer moduz!	3.000000	null
1018 Zer moduz!	3.000000	null
1019 Zer moduz!	3.000000	null
1020 Zer moduz!	3.000000	null
1021 Zer moduz!	3.000000	null
1022 Zer moduz!	3.000000	null
1023 Zer moduz!	3.000000	null
1024 Zer moduz!	3.000000	null
1025 Zer moduz!	3.000000	null
1026 Zer moduz!	3.000000	null
1027 Zer moduz!	3.000000	null
1028 Zer moduz!	3.000000	null
1029 Zer moduz!	3.000000	null
1030 Zer moduz!	3.000000	null
1031 Zer moduz!	3.000000	null
1032 Zer moduz!	3.000000	null
1033 Zer moduz!	3.000000	null
1034 Zer moduz!	3.000000	null
1035 Zer moduz!	3.000000	null
1036 Zer moduz!	3.000000	null
1037 Zer moduz!	3.000000	null
1038 Zer moduz!	3.000000	null
1039 Zer moduz!	3.000000	null
1040 Zer moduz!	3.000000	null
1041 Zer moduz!	3.000000	null
1042 Zer moduz!	3.000000	null
1043 Zer moduz!	3.000000	null
1044 Zer moduz!	3.000000	null
1045 Zer moduz!	3.000000	null
1046 Zer moduz!	3.000000	null
1047 Zer moduz!	3.000000	null
1048 Zer moduz!	3.000000	null
1049 Zer moduz!	3.000000	null
1050 Zer moduz!	3.000000	null
1051 Zer moduz!	3.000000	null
1052 Zer moduz!	3.000000	null
1053 Zer moduz!	3.000000	null
1054 Zer moduz!	3.000000	null
1055 Zer moduz!	3.000000	null
1056 Zer moduz!	3.000000	null
1057 Zer moduz!	3.000000	null
1058 Zer moduz!	3.000000	null
1059 Zer moduz!	3.000000	null
1060 Zer moduz!	3.000000	null
1061 Zer moduz!	3.000000	null
1062 Zer moduz!	3.000000	null
1063 Zer moduz!	3.000000	null
1064 Zer moduz!	3.000000	null
1065 Zer moduz!	3.000000	null
1066 Zer moduz!	3.000000	null
1067 Zer moduz!	3.000000	null
1068 Zer moduz!	3.000000	null
1069 Zer moduz!	3.000000	null
1070 Zer moduz!	3.000000	null
1071 Zer moduz!	3.000000	null
1072 Zer moduz!	3.000000	null
1073 Zer moduz!	3.000000	null
1074 Zer moduz!	3.000000	null
1075 Zer moduz!	3.000000	null
1076 Zer moduz!	3.000000	null
1077 Zer moduz!	3.000000	null
1078 Zer moduz!	3.000000	null
1079 Zer moduz!	3.000000	null
1080 Zer moduz!	3.000000	null
1081 Zer moduz!	3.000000	null
1082 Zer moduz!	3.000000	null
1083 Zer moduz!	3.000000	null
1084 Zer moduz!	3.000000	null
1085 Zer moduz!	3.000000	null
1086 Zer moduz!	3.000000	null
1087 Zer moduz!	3.000000	null
1088 Zer moduz!	3.000000	null
1089 Zer moduz!	3.000000	null
1090 Zer moduz!	3.000000	null
1091 Zer moduz!	3.000000	null
1092 Zer moduz!	3.000000	null
1093 Zer moduz!	3.000000	null
1094 Zer moduz!	3.000000	null
1095 Zer moduz!	3.000000	null
1096 Zer moduz!	3.000000	null
1097 Zer moduz!	3.000000	null
1098 Zer moduz!	3.000000	null
1099 Zer moduz!	3.000000	null
1100 Zer moduz!	3.000000	null
1101 Zer moduz!	3.000000	null
1102 Zer moduz!	3.000000	null
1103 Zer moduz!	3.000000	null
1104 Zer moduz!	3.000000	null
1105 Zer moduz!	3.000000	null
1106 Zer moduz!	3.000000	null
1107 Zer moduz!	3.000000	null
1108 Zer moduz!	3.000000	null
1109 Zer moduz!	3.000000	null
1110 Zer moduz!	3.000000	null
1111 Zer moduz!	3.000000	null
1112 Zer moduz!	3.000000	null
1113 Zer moduz!	3.000000	null
1114 Zer moduz!	3.000000	null
1115 Zer moduz!	3.000000	null
1116 Zer moduz!	3.000000	null
1117 Zer moduz!	3.000000	null
1118 Zer moduz!	3.000000	null
1119 Zer moduz!	3.000000	null
1120 Zer moduz!	3.000000	null
1121 Zer moduz!	3.000000	null
1122 Zer moduz!	3.000000	null
1123 Zer moduz!	3.000000	null
1124 Zer moduz!	3.000000	null
1125 Zer moduz!	3.000000	null
1126 Zer moduz!	3.000000	null
1127 Zer moduz!	3.000000	null
1128 Zer moduz!	3.000000	null
1129 Zer moduz!	3.000000	null
1130 Zer moduz!	3.000000	null
1131 Zer moduz!	3.000000	null
1132 Zer moduz!	3.000000	null
1133 Zer moduz!	3.000000	null
1134 Zer moduz!	3.000000	null
1135 Zer moduz!	3.000000	null
1136 Zer moduz!	3.000000	null
1137 Zer moduz!	3.000000	null
1138 Zer moduz!	3.000000	null
1139 Zer moduz!	3.000000	null
1140 Zer moduz!	3.000000	null
1141 Zer moduz!	3.000000	null
1142 Zer moduz!	3.000000	null
1143 Zer moduz!	3.000000	null
1144 Zer moduz!	3.000000	null
1145 Zer moduz!	3.000000	null
1146 Zer moduz!	3.000000	null
1147 Zer moduz!	3.000000	null
1148 Zer moduz!	3.000000	null
1149 Zer moduz!	3.000000	null
1150 Zer moduz!	3.000000	null
1151 Zer moduz!	3.000000	null
1152 Zer moduz!	3.000000	null
1153 Zer moduz!	3.000000	null
1154 Zer moduz!	3.000000	null
1155 Zer moduz!	3.000000	null
1156 Zer moduz!	3.000000	null
1157 Zer moduz!	3.000000	null
1158 Zer moduz!	3.000000	null
1159 Zer moduz!	3.000000	null
1160 Zer moduz!	3.000000	null
1161 Zer moduz!	3.000000	null
1162 Zer moduz!	3.000000	null
1163 Zer moduz!	3.000000	null
1164 Zer moduz!	3.000000	null
1165 Zer moduz!	3.000000	null
1166 Zer moduz!	3.000000	null
1167 Zer moduz!	3.000000	null
1168 Zer moduz!	3.000000	null
1169 Zer moduz!	3.000000	null
1170 Zer moduz!	3.000000	null
1171 Zer moduz!	3.000000	null
1172 Zer moduz!	3.000000	null
1173 Zer moduz!	3.000000	null
1174 Zer moduz!	3.000000	null
1175 Zer moduz!	3.000000	null
1176 Zer moduz!	3.000000	null
1177 Zer moduz!	3.000000	null
1178 Zer moduz!	3.000000	null
1179 Zer moduz!	3.000000	null
1180 Zer moduz!	3.000000	null
1181 Zer moduz!	3.000000	null
1182 Zer moduz!	3.000000	null
1183 Zer moduz!	3.000000	null
1184 Zer moduz!	3.000000	null
1185 Zer moduz!	3.000000	null
1186 Zer moduz!	3.000000	null
1187 Zer moduz!	3.000000	null
1188 Zer moduz!	3.000000	null
1189 Zer moduz!	3.000000	null
1190 Zer moduz!	3.000000	null
1191 Zer moduz!	3.000000	null
1192 Zer moduz!	3.000000	null
1193 Zer moduz!	3.000000	null
1194 Zer moduz!	3.000000	null
1195 Zer moduz!	3.000000	null
1196 Zer moduz!	3.000000	null
1197 Zer moduz!	3.000000	null
1198 Zer moduz!	3.000000	null
1199 Zer moduz!	3.000000	null
1200 Zer moduz!	3.000000	null
1201 Zer moduz!	3.000000	null
1202 Zer moduz!	3.000000	null
1203 Zer moduz!	3.000000	null
1204 Zer moduz!	3.000000	null
1205 Zer moduz!	3.000000	null
1206 Zer moduz!	3.000000	null
1207 Zer moduz!	3.000000	null
1208 Zer moduz!	3.000000	null
1209 Zer moduz!	3.000000	null
1210 Zer moduz!	3.000000	null
1211 Zer moduz!	3.000000	null
1212 Zer moduz!	3.000000	null
1213 Zer moduz!	3.000000	null
1214 Zer moduz!	3.000000	null
1215 Zer moduz!	3.000000	null
1216 Zer moduz!	3.000000	null
1217 Zer moduz!	3.000000	null
1218 Zer moduz!	3.000000	null
1219 Zer moduz!	3.000000	null
1220 Zer moduz!	3.000000	null
1221 Zer moduz!	3.000000	null
1222 Zer moduz!	3.000000	null
1223 Zer moduz!	3.000000	null
1224 Zer moduz!	3.000000	null
1225 Zer moduz!	3.000000	null
1226 Zer moduz!	3.000000	null
1227 Zer moduz!	3.000000	null
1228 Zer moduz!	3.000000	null
1229 Zer moduz!	3.000000	null
1230 Zer moduz!	3.000000	null
1231 Zer moduz!	3.000000	null
1232 Zer moduz!	3.000000	null
1233 Zer moduz!	3.000000	null
1234 Zer moduz!	3.000000	null
1235 Zer moduz!	3.000000	null
1236 Zer moduz!	3.000000	null
1237 Zer moduz!	3.000000	null
1238 Zer moduz!	3.000000	null
1239 Zer moduz!	3.000000	null
1240 Zer moduz!	3.000000	null
1241 Zer moduz!	3.000000	null
1242 Zer moduz!	3.000000	null
1243 Zer moduz!	3.000000	null
1244 Zer moduz!	3.000000	null
1245 Zer moduz!	3.000000	null
1246 Zer moduz!	3.000000	null
1247 Zer moduz!	3.000000	null
1248 Zer moduz!	3.000000	null
1249 Zer moduz!	3.000000	null
1250 Zer moduz!	3.000000	null
1251 Zer moduz!	3.000000	null
1252 Zer moduz!	3.000000	null
1253 Zer moduz!	3.000000	null
1254 Zer moduz!	3.000000	null
1255 Zer moduz!	3.000000	null
1256 Zer moduz!	3.000000	null
1257 Zer moduz!	3.000000	null
1258 Zer moduz!	3.000000	null
1259 Zer moduz!	3.000000	null
1260 Zer moduz!	3.000000	null
1261 Zer moduz!	3.000000	null
1262 Zer moduz!	3.000000	null
1263 Zer moduz!	3.000000	null
1264 Zer moduz!	3.000000	null
1265 Zer moduz!	3.000000	null
1266 Zer moduz!	3.000000	null
1267 Zer moduz!	3.000000	null
1268 Zer moduz!	3.000000	null
1269 Zer moduz!	3.000000	null
1270 Zer moduz!	3.000000	null
1271 Zer moduz!	3.000000	null
1272 Zer moduz!	3.000000	null
1273 Zer moduz!	3.000000	null
1274 Zer moduz!	3.000000	null
1275 Zer moduz!	3.000000	null
1276 Zer moduz!	3.000000	null
1277 Zer moduz!	3.000000	null
1278 Zer moduz!	3.000000	null
1279 Zer moduz!	3.000000	null
1280 Zer moduz!	3.000000	null
1281 Zer moduz!	3.000000	null
1282 Zer moduz!	3.000000	null
1283 Zer moduz!	3.000000	null
1284 Zer moduz!	3.000000	null
1285 Zer moduz!	3.000000	null
1286 Zer moduz!	3.000000	null
1287 Zer moduz!	3.000000	null
1288 Zer moduz!	3.000000	null
1289 Zer moduz!	3.000000	null
1290 Zer moduz!	3.000000	null
1291 Zer moduz!	3.000000	null
1292 Zer moduz!	3.000000	null
1293 Zer moduz!	3.000000	null
1294 Zer moduz!	3.000000	null
1295 Zer moduz!	3.000000	null
1296 Zer moduz!	3.000000	null
1297 Zer moduz!	3.000000	null
1298 Zer moduz!	3.000000	null
1299 Zer moduz!	3.000000	null
1300 Zer moduz!	3.000000	null
1301 Zer moduz!	3.000000	null
1302 Zer moduz!	3.000000	null
1303 Zer moduz!	3.000000	null
1304 Zer moduz!	3.000000	null
1305 Zer moduz!	3.000000	null
1306 Zer moduz!	3.000000	null
1307 Zer moduz!	3.000000	null
1308 Zer moduz!	3.000000	null
1309 Zer moduz!	3.000000	null
1310 Zer moduz!	3.000000	null
1311 Zer moduz!	3.000000	null
1312 Zer moduz!	3.000000	null
1313 Zer moduz!	3.000000	null
1314 Zer moduz!	3.000000	null
1315 Zer moduz!	3.000000	null
1316 Zer moduz!	3.000000	null
1317 Zer moduz!	3.000000	null
1318 Zer moduz!	3.000000	null
1319 Zer moduz!	3.000000	null
1320 Zer moduz!	3.000000	null
1321 Zer moduz!	3.000000	null
1322 Zer moduz!	3.000000	null
1323 Zer moduz!	3.000000	null
1324 Zer moduz!	3.000000	null
1325 Zer moduz!	3.000000	null
1326 Zer moduz!	3.000000	null
1327 Zer moduz!	3.000000	null
1328 Zer moduz!	3.000000	null
1329 Zer moduz!	3.000000	null
1330 Zer moduz!	3.000000	null
1331 Zer moduz!	3.000000	null
1332 Zer moduz!	3.000000	null
1333 Zer moduz!	3.000000	null
1334 Zer moduz!	3.000000	null
1335 Zer moduz!	3.000000	null
1336 Zer moduz!	3.000000	null
1337 Zer moduz!	3.000000	null
1338 Zer moduz!	3.000000	null
1339 Zer moduz!	3.000000	null
1340 Zer moduz!	3.000000	null
1341 Zer moduz!	3.000000	null
1342 Zer moduz!	3.000000	null
1343 Zer moduz!	3.000000	null
1344 Zer moduz!	3.000000	null
1345 Zer moduz!	3.000000	null
1346 Zer moduz!	3.000000	null
1347 Zer moduz!	3.000000	null
1348 Zer moduz!	3.000000	null
1349 Zer moduz!	3.000000	null
1350 Zer moduz!	3.000000	null
1351 Zer moduz!	3.000000	null
1352 Zer moduz!	3.000000	null
1353 Zer moduz!	3.000000	null
1354 Zer moduz!	3.000000	null
1355 Zer moduz!	3.000000	null
1356 Zer moduz!	3.000000	null
1357 Zer moduz!	3.000000	null
1358 Zer moduz!	3.000000	null
1359 Zer moduz!	3.000000	null
1360 Zer moduz!	3.000000	null
1361 Zer moduz!	3.000000	null
1362 Zer moduz!	3.000000	null
1363 Zer moduz!	3.000000	null
1364 Zer moduz!	3.000000	null
1365 Zer moduz!	3.000000	null
1366 Zer moduz!	3.000000	null
1367 Zer moduz!	3.000000	null
1368 Zer moduz!	3.000000	null
1369 Zer moduz!	3.000000	null
1370 Zer moduz!	3.000000	null
1371 Zer moduz!	3.000000	null
1372 Zer moduz!	3.000000	null
1373 Zer moduz!	3.000000	null
1374 Zer moduz!	3.000000	null
1375 Zer moduz!	3.000000	null
1376 Zer moduz!	3.000000	null
1377 Zer moduz!	3.000000	null
1378 Zer moduz!	3.000000	null
1379 Zer moduz!	3.000000	null
1380 Zer moduz!	3.000000	null
1381 Zer moduz!	3.000000	null
1382 Zer moduz!	3.000000	null
1383 Zer moduz!	3.000000	null
1384 Zer moduz!	3.000000	null
1385 Zer moduz!	3.000000	null
1386 Zer moduz!	3.000000	null
1387 Zer moduz!	3.000000	null
1388 Zer moduz!	3.000000	null
1389 Zer moduz!	3.000000	null
1390 Zer moduz!	3.000000	null
1391 Zer moduz!	3.000000	null
1392 Zer moduz!	3.000000	null
1393 Zer moduz!	3.000000	null
1394 Zer moduz!	3.000000	null
1395 Zer moduz!	3.000000	null
1396 Zer moduz!	3.000000	null
1397 Zer moduz!	3.000000	null
1398 Zer moduz!	3.000000	null
1399 Zer moduz!	3.000000	null
1400 Zer moduz!	3.000000	null
1401 Zer moduz!	3.000000	null
1402 Zer moduz!	3.000000	null
1403 Zer moduz!	3.000000	null
1404 Zer moduz!	3.000000	null
1405 Zer moduz!	3.000000	null
1406 Zer moduz!	3.000000	null
1407 Zer moduz!	3.000000	null
1408 Zer moduz!	3.000000	null
1409 Zer moduz!	3.000000	null
1410 Zer moduz!	3.000000	null
1411 Zer moduz!	3.000000	null
1412 Zer moduz!	3.000000	null
1413 Zer moduz!	3.000000	null
1414 Zer moduz!	3.000000	null
1415 Zer moduz!	3.000000	null
1416 Zer moduz!	3.000000	null
1417 Zer moduz!	3.000000	null
1418 Zer moduz!	3.000000	null
1419 Zer moduz!	3.000000	null
1420 Zer moduz!	3.000000	null
1421 Zer moduz!	3.000000	null
1422 Zer moduz!	3.000000	null
1423 Zer moduz!	3.000000	null
1424 Zer moduz!	3.000000	null
1425 Zer moduz!	3.000000	null
1426 Zer moduz!	3.000000	null
1427 Zer moduz!	3.000000	null
1428 Zer moduz!	3.000000	null
1429 Zer moduz!	3.000000	null
1430 Zer moduz!	3.000000	null
1431 Zer moduz!	3.000000	null
1432 Zer moduz!	3.000000	null
1433 Zer moduz!	3.000000	null
1434 Zer moduz!	3.000000	null
1435 Zer moduz!	3.000000	null
1436 Zer moduz!	3.000000	null
1437 Zer moduz!	3.000000	null
1438 Zer moduz!	3.000000	null
1439 Zer moduz!	3.000000	null
1440 Zer moduz!	3.000000	null
1441 Zer moduz!	3.000000	null
1442 Zer moduz!	3.000000	null
1443 Zer moduz!	3.000000	null
1444 Zer moduz!	3.000000	null
1445 Zer moduz!	3.000000	null
1446 Zer moduz!	3.000000	null
1447 Zer moduz!	3.000000	null
1448 Zer moduz!	3.000000	null
1449 Zer moduz!	3.000000	null
1450 Zer moduz!	3.000000	null
1451 Zer moduz!	3.000000	null
1452 Zer moduz!	3.000000	null
1453 Zer moduz!	3.000000	null
1454 Zer moduz!	3.000000	null
1455 Zer moduz!	3.000000	null
1456 Zer moduz!	3.000000	null
1457 Zer moduz!	3.000000	null
1458 Zer moduz!	3.000000	null
1459 Zer moduz!	3.000000	null
1460 Zer moduz!	3.000000	null
1461 Zer moduz!	3.000000	null
1462 Zer moduz!	3.000000	null
1463 Zer moduz!	3.000000	null
1464 Zer moduz!	3.000000	null
1465 Zer moduz!	3.000000	null
1466 Zer moduz!	3.000000	null
1467 Zer moduz!	3.000000	null
1468 Zer moduz!	3.000000	null
1469 Zer moduz!	3.000000	null
1470 Zer moduz!	3.000000	null
1471 Zer moduz!	3.000000	null
1472 Zer moduz!	3.000000	null
1473 Zer moduz!	3.000000	null
1474 Zer moduz!	3.000000	null
1475 Zer moduz!	3.000000	null
1476 Zer moduz!	3.000000	null
1477 Zer moduz!	3.000000	null
1478 Zer moduz!	3.000000	null
1479 Zer moduz!	3.000000	null
1480 Zer moduz!	3.000000	null
1481 Zer moduz!	3.000000	null
1482 Zer moduz!	3.000000	null
1483 Zer moduz!	3.000000	null
1484 Zer moduz!	3.000000	null
1485 Zer moduz!	3.000000	null
1486 Zer moduz!	3.000000	null
1487 Zer moduz!	3.000000	null
1488 Zer moduz!	3.000000	null
1489 Zer moduz!	3.000000	null
1490 Zer moduz!	3.000000	null
1491 Zer moduz!	3.000000	null
1492 Zer moduz!	3.000000	null
1493 Zer moduz!	3.000000	null
1494 Zer moduz!	3.000000	null
1495 Zer moduz!	3.000000	null
1496 Zer moduz!	3.000000	null
1497 Zer moduz!	3.000000	null
1498 Zer moduz!	3.000000	null
1499 Zer moduz!	3.000000	null
1500 Zer moduz!	3.000000	null
1501 Zer moduz!	3.000000	null
1502 Zer moduz!	3.000000	null
1503 Zer moduz!	3.000000	null
1504 Zer moduz!	3.000000	null
1505 Zer moduz!	3.000000	null
1506 Zer moduz!	3.000000	null
1507 Zer moduz!	3.000000	null
1508 Zer moduz!	3.000000	null
1509 Zer moduz!	3.000000	null
1510 Zer moduz!	3.000000	null
1511 Zer moduz!	3.000000	null
1512 Zer moduz!	3.000000	null
1513 Zer moduz!	3.000000	null
1514 Zer moduz!	3.000000	null
1515 Zer moduz!	3.000000	null
1516 Zer moduz!	3.000000	null
1517 Zer moduz!	3.000000	null
1518 Zer moduz!	3.000000	null
1519 Zer moduz!	3.000000	null
1520 Zer moduz!	3.000000	null
1521 Zer moduz!	3.000000	null
1522 Zer moduz!	3.000000	null
1523 Zer moduz!	3.000000	null
1524 Zer moduz!	3.000000	null
1525 Zer moduz!	3.000000	null
1526 Zer moduz!	3.000000	null
1527 Zer moduz!	3.000000	null
1528 Zer moduz!	3.000000	null
1529 Zer moduz!	3.000000	null
1530 Zer moduz!	3.000000	null
1531 Zer moduz!	3.000000	null
1532 Zer moduz!	3.000000	null
1533 Zer moduz!	3.000000	null
1534 Zer moduz!	3.000000	null
1535 Zer moduz!	3.000000	null
1536 Zer moduz!	3.000000	null
1537 Zer moduz!	3.000000	null
1538 Zer moduz!	3.000000	null
1539 Zer moduz!	3.000000	null
1540 Zer moduz!	3.000000	null
1541 Zer moduz!	3.000000	null
1542 Zer moduz!	3.000000	null
1543 Zer moduz!	3.000000	null
1544 Zer moduz!	3.000000	null
1545 Zer moduz!	3.000000	null
1546 Zer moduz!	3.000000	null
1547 Zer moduz!	3.000000	null
1548 Zer moduz!	3.000000	null
1549 Zer moduz!	3.000000	null
1550 Zer moduz!	3.000000	null
1551 Zer moduz!	3.000000	null
1552 Zer moduz!	3.000000	null
1553 Zer moduz!	3.000000	null
1554 Zer moduz!	3.000000	null
1555 Zer moduz!	3.000000	null
1556 Zer moduz!	3.000000	null
1557 Zer moduz!	3.000000	null
1558 Zer moduz!	3.000000	null
1559 Zer moduz!	3.000000	null
1560 Zer moduz!	3.000000	null
1561 Zer moduz!	3.000000	null
1562 Zer moduz!	3.000000	null
1563 Zer moduz!	3.000000	null
1564 Zer moduz!	3.000000	null
1565 Zer moduz!	3.000000	null
1566 Zer moduz!	3.000000	null
1567 Zer moduz!	3.000000	null
1568 Zer moduz!	3.000000	null
1569 Zer moduz!	3.000000	null
1570 Zer moduz!	3.000000	null
1571 Zer moduz!	3.000000	null
1572 Zer moduz!	3.000000	null
1573 Zer moduz!	3.000000	null
1574 Zer moduz!	3.000000	null
1575 Zer moduz!	3.000000	null
1576 Zer moduz!	3.000000	null
1577 Zer moduz!	3.000000	null
1578 Zer moduz!	3.000000	null
1579 Zer moduz!	3.000000	null
1580 Zer moduz!	3.000000	null
1581 Zer moduz!	3.000000	null
1582 Zer moduz!	3.000000	null
1583 Zer moduz!	3.000000	null
1584 Zer moduz!	3.000000	null
1585 Zer moduz!	3.000000	null
1586 Zer moduz!	3.000000	null
1587 Zer moduz!	3.000000	null
1588 Zer moduz!	3.000000	null
1589 Zer moduz!	3.000000	null
1590 Zer moduz!	3.000000	null
1591 Zer moduz!	3.000000	null
1592 Zer moduz!	3.000000	null
1593 Zer moduz!	3.000000	null
1594 Zer moduz!	3.000000	null
1595 Zer moduz!	3.000000	null
1596 Zer moduz!	3.000000	null
1597 Zer moduz!	3.000000	null
1598 Zer moduz!	3.000000	null
1599 Zer moduz!	3.000000	null
1600 Zer moduz!	3.000000	null
1601 Zer moduz!	3.000000	null
1602 Zer moduz!	3.000000	null
1603 Zer moduz!	3.000000	null
1604 Zer moduz!	3.000000	null
1605 Zer moduz!	3.000000	null
1606 Zer moduz!	3.000000	null
1607 Zer moduz!	3.000000	null
1608 Zer moduz!	3.000000	null
1609 Zer moduz!	3.000000	null
1610 Zer moduz!	3.000000	null
1611 Zer moduz!	3.000000	null
1612 Zer moduz!	3.000000	null
1613 Zer moduz!	3.000000	null
1614 Zer moduz!	3.000000	null
1615 Zer moduz!	3.000000	null
1616 Zer moduz!	3.000000	null
1617 Zer moduz!	3.000000	null
1618 Zer moduz!	3.000000	null
1619 Zer moduz!	3.000000	null
1620 Zer moduz!	3.000000	null
1621 Zer moduz!	3.000000	null
1622 Zer moduz!	3.000000	null
1623 Zer moduz!	3.000000	null
1624 Zer moduz!	3.000000	null
1625 Zer moduz!	3.000000	null
1626 Zer moduz!	3.000000	null
1627 Zer moduz!	3.000000	null
1628 Zer moduz!	3.000000	null
1629 Zer moduz!	3.000000	null
1630 Zer moduz!	3.000000	null
1631 Zer moduz!	3.000000	null
1632 Zer moduz!	3.000000	null
1633 Zer moduz!	3.000000	null
1634 Zer moduz!	3.000000	null
1635 Zer moduz!	3.000000	null
1636 Zer moduz!	3.000000	null
1637 Zer moduz!	3.000000	null
1638 Zer moduz!	3.000000	null
1639 Zer moduz!	3.000000	null
1640 Zer moduz!	3.000000	null
1641 Zer moduz!	3.000000	null
1642 Zer moduz!	3.000000	null
1643 Zer moduz!	3.000000	null
1644 Zer moduz!	3.000000	null
1645 Zer moduz!	3.000000	null
1646 Zer moduz!	3.000000	null
1647 Zer moduz!	3.000000	null
1648 Zer moduz!	3.000000	null
1649 Zer moduz!	3.000000	null
1650 Zer moduz!	3.000000	null
1651 Zer moduz!	3.000000	null
1652 Zer moduz!	3.000000	null
1653 Zer moduz!	3.000000	null
1654 Zer moduz!	3.000000	null
1655 Zer moduz!	3.000000	null
1656 Zer moduz!	3.000000	null
1657 Zer moduz!	3.000000	null
1658 Zer moduz!	3.000000	null
1659 Zer moduz!	3.000000	null
1660 Zer moduz!	3.000000	null
1661 Zer moduz!	3.000000	null
1662 Zer moduz!	3.000000	null
1663 Zer moduz!	3.000000	null
1664 Zer moduz!	3.000000	null
1665 Zer moduz!	3.000000	null
1666 Zer moduz!	3.000000	null
1667 Zer moduz!	3.000000	null
1668 Zer moduz!	3.000000	null
1669 Zer moduz!	3.000000	null
1670 Zer moduz!	3.000000	null
1671 Zer moduz!	3.000000	null
1672 Zer moduz!	3.000000	null
1673 Zer moduz!	3.000000	null
1674 Zer moduz!	3.000000	null
1675 Zer moduz!	3.000000	null
1676 Zer moduz!	3.000000	null
1677 Zer moduz!	3.000000	null
1678 Zer moduz!	3.000000	null
1679 Zer moduz!	3.000000	null
1680 Zer moduz!	3.000000	null
1681 Zer moduz!	3.000000	null
1682 Zer moduz!	3.000000	null
1683 Zer moduz!	3.000000	null
1684 Zer moduz!	3.000000	null
1685 Zer moduz!	3.000000	null
1686 Zer moduz!	3.000000	null
1687 Zer moduz!	3.000000	null
1688 Zer moduz!	3.000000	null
1689 Zer moduz!	3.000000	null
1690 Zer moduz!	3.000000	null
1691 Zer moduz!	3.000000	null
1692 Zer moduz!	3.000000	null
1693 Zer moduz!	3.000000	null
1694 Zer moduz!	3.000000	null
1695 Zer moduz!	3.000000	null
1696 Zer moduz!	3.000000	null
1697 Zer moduz!	3.000000	null
1698 Zer moduz!	3.000000	null
1699 Zer moduz!	3.000000	null
1700 Zer moduz!	3.000000	null
1701 Zer moduz!	3.000000	null
1702 Zer moduz!	3.000000	null
1703 Zer moduz!	3.000000	null
1704 Zer moduz!	3.000000	null
1705 Zer moduz!	3.000000	null
1706 Zer moduz!	3.000000	null
1707 Zer moduz!	3.000000	null
1708 Zer moduz!	3.000000	null
1709 Zer moduz!	3.000000	null
1710 Zer moduz!	3.000000	null
1711 Zer moduz!	3.000000	null
1712 Zer moduz!	3.000000	null
1713 Zer moduz!	3.000000	null
1714 Zer moduz!	3.000000	null
1715 Zer moduz!	3.000000	null
1716 Zer moduz!	3.000000	null
1717 Zer moduz!	3.000000	null
1718 Zer moduz!	3.000000	null
1719 Zer moduz!	3.000000	null
1720 Zer moduz!	3.000000	null
1721 Zer moduz!	3.000000	null
1722 Zer moduz!	3.000000	null
1723 Zer moduz!	3.000000	null
1724 Zer moduz!	3.000000	null
1725 Zer moduz!	3.000000	null
1726 Zer moduz!	3.000000	null
1727 Zer moduz!	3.000000	null
1728 Zer moduz!	3.000000	null
1729 Zer moduz!	3.000000	null
1730 Zer moduz!	3.000000	null
1731 Zer moduz!	3.000000	null
1732 Zer moduz!	3.000000	null
1733 Zer moduz!	3.000000	null
1734 Zer moduz!	3.000000	null
1735 Zer moduz!	3.000000	null
1736 Zer moduz!	3.000000	null
1737 Zer moduz!	3.000000	null
1738 Zer moduz!	3.000000	null
1739 Zer moduz!	3.000000	null
1740 Zer moduz!	3.000000	null
1741 Zer moduz!	3.000000	null
1742 Zer moduz!	3.000000	null
1743 Zer moduz!	3.000000	null
1744 Zer moduz!	3.000000	null
1745 Zer moduz!	3.000000	null
1746 Zer moduz!	3.000000	null
1747 Zer moduz!	3.000000	null
1748 Zer moduz!	3.000000	null
1749 Zer moduz!	3.000000	null
1750 Zer moduz!	3.000000	null
1751 Zer moduz!	3.000000	null
1752 Zer moduz!	3.000000	null
1753 Zer moduz!	3.000000	null
1754 Zer moduz!	3.000000	null
1755 Zer moduz!	3.000000	null
1756 Zer moduz!	3.000000	null
1757 Zer moduz!	3.000000	null
1758 Zer moduz!	3.000000	null
1759 Zer moduz!	3.000000	null
1760 Zer moduz!	3.000000	null
1761 Zer moduz!	3.000000	null
1762 Zer moduz!	3.000000	null
1763 Zer moduz!	3.000000	null
1764 Zer moduz!	3.000000	null
1765 Zer moduz!	3.000000	null
1766 Zer moduz!	3.000000	null
1767 Zer moduz!	3.000000	null
1768 Zer moduz!	3.000000	null
1769 Zer moduz!	3.000000	null
1770 Zer moduz!	3.000000	null
1771 Zer moduz!	3.000000	null
1772 Zer moduz!	3.000000	null
1773 Zer moduz!	3.000000	null
1774 Zer moduz!	3.000000	null
1775 Zer moduz!	3.000000	null
1776 Zer moduz!	3.000000	null
1777 Zer moduz!	3.000000	null
1778 Zer moduz!	3.000000	null
1779 Zer moduz!	3.000000	null
1780 Zer moduz!	3.000000	null
1781 Zer moduz!	3.000000	null
1782 Zer moduz!	3.000000	null
1783 Zer moduz!	3.000000	null
1784 Zer moduz!	3.000000	null
1785 Zer moduz!	3.000000	null
1786 Zer moduz!	3.000000	null
1787 Zer moduz!	3.000000	null
1788 Zer moduz!	3.000000	null
1789 Zer moduz!	3.000000	null
1790 Zer moduz!	3.000000	null
1791 Zer moduz!	3.000000	null
1792 Zer moduz!	3.000000	null
1793 Zer moduz!	3.000000	null
1794 Zer moduz!	3.000000	null
1795 Zer moduz!	3.000000	null
1796 Zer moduz!	3.000000	null
1797 Zer moduz!	3.000000	null
1798 Zer moduz!	3.000000	null
1799 Zer moduz!	3.000000	null
1800 Zer moduz!	3.000000	null
1801 Zer moduz!	3.000000	null
1802 Zer moduz!	3.000000	null
1803 Zer moduz!	3.000000	null
1804 Zer moduz!	3.000000	null
1805 Zer moduz!	3.000000	null
1806 Zer moduz!	3.000000	null
1807 Zer moduz!	3.000000	null
1808 Zer moduz!	3.000000	null
1809 Zer moduz!	3.000000	null
1810 Zer moduz!	3.000000	null
1811 Zer moduz!	3.000000	null
1812 Zer moduz!	3.000000	null
1813 Zer moduz!	3.000000	null
1814 Zer moduz!	3.000000	null
1815 Zer moduz!	3.000000	null
1816 Zer moduz!	3.000000	null
1817 Zer moduz!	3.000000	null
1818 Zer moduz!	3.000000	null
1819 Zer moduz!	3.000000	null
1820 Zer moduz!	3.000000	null
1821 Zer moduz!	3.000000	null
1822 Zer moduz!	3.000000	null
1823 Zer moduz!	3.000000	null
1824 Zer moduz!	3.000000	null
1825 Zer moduz!	3.000000	null
1826 Zer moduz!	3.000000	null
1827 Zer moduz!	3.000000	null
1828 Zer moduz!	3.000000	null
1829 Zer moduz!	3.000000	null
1830 Zer moduz!	3.000000	null
1831 Zer moduz!	3.000000	null
1832 Zer moduz!	3.000000	null
1833 Zer moduz!	3.000000	null
1834 Zer moduz!	3.000000	null
1835 Zer moduz!	3.000000	null
1836 Zer moduz!	3.000000	null
1837 Zer moduz!	3.000000	null
1838 Zer moduz!	3.000000	null
1839 Zer moduz!	3.000000	null
1840 Zer moduz!	3.000000	null
1841 Zer moduz!	3.000000	null
1842 Zer moduz!	3.000000	null
1843 Zer moduz!	3.000000	null
1844 Zer moduz!	3.000000	null
1845 Zer moduz!	3.000000	null
1846 Zer moduz!	3.000000	null
1847 Zer moduz!	3.000000	null
1848 Zer moduz!	3.000000	null
1849 Zer moduz!	3.000000	null
1850 Zer moduz!	3.000000	null
1851 Zer moduz!	3.000000	null
1852 Zer moduz!	3.000000	null
1853 Zer moduz!	3.000000	null
1854 Zer moduz!	3.000000	null
1855 Zer moduz!	3.000000	null
1856 Zer moduz!	3.000000	null
1857 Zer moduz!	3.000000	null
1858 Zer moduz!	3.000000	null
1859 Zer moduz!	3.000000	null
1860 Zer moduz!	3.000000	null
1861 Zer moduz!	3.000000	null
1862 Zer moduz!	3.000000	null
1863 Zer moduz!	3.000000	null
1864 Zer moduz!	3.000000	null
1865 Zer moduz!	3.000000	null
1866 Zer moduz!	3.000000	null
1867 Zer moduz!	3.000000	null
1868 Zer moduz!	3.000000	null
1869 Zer moduz!	3.000000	null
1870 Zer moduz!	3.000000	null
1871 Zer moduz!	3.000000	null
1872 Zer moduz!	3.000000	null
1873 Zer moduz!	3.000000	null
1874 Zer moduz!	3.000000	null
1875 Zer moduz!	3.000000	null
1876 Zer moduz!	3.000000	null
1877 Zer moduz!	3.000000	null
1878 Zer moduz!	3.000000	null
1879 Zer moduz!	3.000000	null
1880 Zer moduz!	3.000000	null
1881 Zer moduz!	3.000000	null
1882 Zer moduz!	3.000000	null
1883 Zer moduz!	3.000000	null
1884 Zer moduz!	3.000000	null
1885 Zer moduz!	3.000000	null
1886 Zer moduz!	3.000000	null
1887 Zer moduz!	3.000000	null
1888 Zer moduz!	3.000000	null
1889 Zer moduz!	3.000000	null
1890 Zer moduz!	3.000000	null
1891 Zer moduz!	3.000000	null
1892 Zer moduz!	3.000000	null
1893 Zer moduz!	3.000000	null
1894 Zer moduz!	3.000000	null
1895 Zer moduz!	3.000000	null
1896 Zer moduz!	3.000000	null
1897 Zer moduz!	3.000000	null
1898 Zer moduz!	3.000000	null
1899 Zer moduz!	3.000000	null
1900 Zer moduz!	3.000000	null
1901 Zer moduz!	3.000000	null
1902 Zer moduz!	3.000000	null
1903 Zer moduz!	3.000000	null
1904 Zer moduz!	3.000000	null
1905 Zer moduz!	3.000000	null
1906 Zer moduz!	3.000000	null
1907 Zer moduz!	3.000000	null
1908 Zer moduz!	3.000000	null
1909 Zer moduz!	3.000000	null
1910 Zer moduz!	3.000000	null
1911 Zer moduz!	3.000000	null
1912 Zer moduz!	3.000000	null
1913 Zer moduz!	3.000000	null
1914 Zer moduz!	3.000000	null
1915 Zer moduz!	3.000000	null
1916 Zer moduz!	3.000000	null
1917 Zer moduz!	3.000000	null
1918 Zer moduz!	3.000000	null
1919 Zer moduz!	3.000000	null
1920 Zer moduz!	3.000000	null
1921 Zer moduz!	3.000000	null
1922 Zer moduz!	3.000000	null
1923 Zer moduz!	3.000000	null
1924 Zer moduz!	3.000000	null
1925 Zer moduz!	3.000000	null
1926 Zer moduz!	3.000000	null
1927 Zer moduz!	3.000000	null
1928 Zer moduz!	3.000000	null
1929 Zer moduz!	3.000000	null
1930 Zer moduz!	3.000000	null
1931 Zer moduz!	3.000000	null
1932 Zer moduz!	3.000000	null
1933 Zer moduz!	3.000000	null
1934 Zer moduz!	3.000000	null
1935 Zer moduz!	3.000000	null
1936 Zer moduz!	3.000000	null
1937 Zer moduz!	3.000000	null
1938 Zer moduz!	3.000000	null
1939 Zer moduz!	3.000000	null
1940 Zer moduz!	3.000000	null
1941 Zer moduz!	3.000000	null
1942 Zer moduz!	3.000000	null
1943 Zer moduz!	3.000000	null
1944 Zer moduz!	3.000000	null
1945 Zer moduz!	3.000000	null
1946 Zer moduz!	3.000000	null
1947 Zer moduz!	3.000000	null
1948 Zer moduz!	3.000000	null
1949 Zer moduz!	3.000000	null
1950 Zer moduz!	3.000000	null
1951 Zer moduz!	3.000000	null
1952 Zer moduz!	3.000000	null
1953 Zer moduz!	3.000000	null
1954 Zer moduz!	3.000000	null
1955 Zer moduz!	3.000000	null
1956 Zer moduz!	3.000000	null
1957 Zer moduz!	3.000000	null
1958 Zer moduz!	3.000000	null
1959 Zer moduz!	3.000000	null
1960 Zer moduz!	3.000000	null
1961 Zer moduz!	3.000000	null
1962 Zer moduz!	3.000000	null
1963 Zer moduz!	3.000000	null
1964 Zer moduz!	3.000000	null
1965 Zer moduz!	3.000000	null
1966 Zer moduz!	3.000000	null
1967 Zer moduz!	3.000000	null
1968 Zer moduz!	3.000000	null
1969 Zer moduz!	3.000000	null
1970 Zer moduz!	3.000000	null
1971 Zer moduz!	3.000000	null
1972 Zer moduz!	3.000000	null
1973 Zer moduz!	3.000000	null
1974 Zer moduz!	3.000000	null
1975 Zer moduz!	3.000000	null
1976 Zer moduz!	3.000000	null
1977 Zer moduz!	3.000000	null
1978 Zer moduz!	3.000000	null
1979 Zer moduz!	3.000000	null
1980 Zer moduz!	3.000000	null
1981 Zer moduz!	3.000000	null
1982 Zer moduz!	3.000000	null
1983 Zer moduz!	3.000000	null
1984 Zer moduz!	3.000000	null
1985 Zer moduz!	3.000000	null
1986 Zer moduz!	3.000000	null
1987 Zer moduz!	3.000000	null
1988 Zer moduz!	3.000000	null
1989 Zer moduz!	3.000000	null
1990 Zer moduz!	3.000000	null
1991 Zer moduz!	3.000000	null
1992 Zer moduz!	3.000000	null
1993 Zer moduz!	3.000000	null
1994 Zer moduz!	3.000000	null
1995 Zer moduz!	3.000000	null
1996 Zer moduz!	3.000000	null
1997 Zer moduz!	3.000000	null
1998 Zer moduz!	3.000000	null
1999 Zer moduz!	3.000000	null
2000 Zer moduz!	3.000000	null
2001 Zer moduz!	3.000000	null
2002 Zer moduz!	3.000000	null
2003 Zer moduz!	3.000000	null
2004 Zer moduz!	3.000000	null
2005 Zer moduz!	3.000000	null
2006 Zer moduz!	3.000000	null
2007 Zer moduz!	3.000000	null
2008 Zer moduz!	3.000000	null
2009 Zer moduz!	3.000000	null
2010 Zer moduz!	3.000000	null
2011 Zer moduz!	3.000000	null
2012 Zer moduz!	3.000000	null
2013 Zer moduz!	3.000000	null
2014 Zer moduz!	3.000000	null
2015 Zer moduz!	3.000000	null
2016 Zer moduz!	3.000000	null
2017 Zer moduz!	3.000000	null
2018 Zer moduz!	3.000000	null
2019 Zer moduz!	3.000000	null
2020 Zer moduz!	3.000000	null
2021 Zer moduz!	3.000000	null
2022 Zer moduz!	3.000000	null
2023 Zer moduz!	3.000000	null
2024 Zer moduz!	3.000000	null
2025 Zer moduz!	3.000000	null
2026 Zer moduz!	3.000000	null
2027 Zer moduz!	3.000000	null
2028 Zer moduz!	3.000000	null
2029 Zer moduz!	3.000000	null
2030 Zer moduz!	3.000000	null
2031 Zer moduz!	3.000000	null
2032 Zer moduz!	3.000000	null
2033 Zer moduz!	3.000000	null
2034 Zer moduz!	3.000000	null
2035 Zer moduz!	3.000000	null
2036 Zer moduz!	3.000000	null
2037 Zer moduz!	3.000000	null
2038 Zer moduz!	3.000000	null
2039 Zer moduz!	3.000000	null
2040 Zer moduz!	3.000000	null
2041 Zer moduz!	3.000000	null
2042 Zer moduz!	3.000000	null
2043 Zer moduz!	3.000000	null
2044 Zer moduz!	3.000000	null
2045 Zer moduz!	3.000000	null
2046 Zer moduz!	3.000000	null
2047 Zer moduz!	3.000000	null
2048 Zer moduz!	3.000000	null
2049 Zer moduz!	3.000000	null
2050 Zer moduz!	3.000000	null
2051 Zer moduz!	3.000000	null
2052 Zer moduz!	3.000000	null
2053 Zer moduz!	3.000000	null
2054 Zer moduz!	3.000000	null
2055 Zer moduz!	3.000000	null
2056 Zer moduz!	3.000000	null
2057 Zer moduz!	3.000000	null
2058 Zer moduz!	3.000000	null
2059 Zer moduz!	3.000000	null
2060 Zer moduz!	3.000000	null
2061 Zer moduz!	3.000000	null
2062 Zer moduz!	3.000000	null
2063 Zer moduz!	3.000000	null
2064 Zer moduz!	3.000000	null
2065 Zer moduz!	3.000000	null
2066 Zer moduz!	3.000000	null
2067 Zer moduz!	3.000000	null
2068 Zer moduz!	3.000000	null
2069 Zer moduz!	3.000000	null
2070 Zer moduz!	3.000000	null
2071 Zer moduz!	3.000000	null
2072 Zer moduz!	3.000000	null
2073 Zer moduz!	3.000000	null
2074 Zer moduz!	3.000000	null
2075 Zer moduz!	3.000000	null
2076 Zer moduz!	3.000000	null
2077 Zer moduz!	3.000000	null
2078 Zer moduz!	3.000000	null
2079 Zer moduz!	3.000000	null
2080 Zer moduz!	3.000000	null
2081 Zer moduz!	3.000000	null
2082 Zer moduz!	3.000000	null
2083 Zer moduz!	3.000000	null
2084 Zer moduz!	3.000000	null
2085 Zer moduz!	3.000000	null
2086 Zer moduz!	3.000000	null
2087 Zer moduz!	3.000000	null
2088 Zer moduz!	3.000000	null
2089 Zer moduz!	3.000000	null
2090 Zer moduz!	3.000000	null
2091 Zer moduz!	3.000000	null
2092 Zer moduz!	3.000000	null
2093 Zer moduz!	3.000000	null
2094 Zer moduz!	3.000000	null
2095 Zer moduz!	3.000000	null
2096 Zer moduz!	3.000000	null
2097 Zer moduz!	3.000000	null
2098 Zer moduz!	3.000000	null
2099 Zer moduz!	3.000000	null
2100 Zer moduz!	3.000000	null
2101 Zer moduz!	3.000000	null
2102 Zer moduz!	3.000000	null
2103 Zer moduz!	3.000000	null
2104 Zer moduz!	3.000000	null
2105 Zer moduz!	3.000000	null
2106 Zer moduz!	3.000000	null
2107 Zer moduz!	3.000000	null
2108 Zer moduz!	3.000000	null
2109 Zer moduz!	3.000000	null
2110 Zer moduz!	3.000000	null
2111 Zer moduz!	3.000000	null
2112 Zer moduz!	3.000000	null
2113 Zer moduz!	3.000000	null
2114 Zer moduz!	3.000000	null
2115 Zer moduz!	3.000000	null
2116 Zer moduz!	3.000000	null
2117 Zer moduz!	3.000000	null
2118 Zer moduz!	3.000000	null
2119 Zer moduz!	3.000000	null
2120 Zer moduz!	3.000000	null
2121 Zer moduz!	3.000000	null
2122 Zer moduz!	3.000000	null
2123 Zer moduz!	3.000000	null
2124 Zer moduz!	3.000000	null
2125 Zer moduz!	3.000000	null
2126 Zer moduz!	3.000000	null
2127 Zer moduz!	3.000000	null
2128 Zer moduz!	3.000000	null
2129 Zer moduz!	3.000000	null
2130 Zer moduz!	3.000000	null
2131 Zer moduz!	3.000000	null
2132 Zer moduz!	3.000000	null
2133 Zer moduz!	3.000000	null
2134 Zer moduz!	3.000000	null
2135 Zer moduz!	3.000000	null
2136 Zer moduz!	3.000000	null
2137 Zer moduz!	3.000000	null
2138 Zer moduz!	3.000000	null
2139 Zer moduz!	3.000000	null
2140 Zer moduz!	3.000000	null
2141 Zer moduz!	3.000000	null
2142 Zer moduz!	3.000000	null
2143 Zer moduz!	3.000000	null
2144 Zer moduz!	3.000000	null
2145 Zer moduz!	3.000000	null
2146 Zer moduz!	3.000000	null
2147 Zer moduz!	3.000000	null
2148 Zer moduz!	3.000000	null
2149 Zer moduz!	3.000000	null
2150 Zer moduz!	3.000000	null
2151 Zer moduz!	3.000000	null
2152 Zer moduz!	3.000000	null
2153 Zer moduz!	3.000000	null
2154 Zer moduz!	3.000000	null
2155 Zer moduz!	3.000000	null
2156 Zer moduz!	3.000000	null
2157 Zer moduz!	3.000000	null
2158 Zer moduz!	3.000000	null
2159 Zer moduz!	3.000000	null
2160 Zer moduz!	3.000000	null
2161 Zer moduz!	3.000000	null
2162 Zer moduz!	3.000000	null
2163 Zer moduz!	3.000000	null
2164 Zer moduz!	3.000000	null
2165 Zer moduz!	3.000000	null
2166 Zer moduz!	3.000000	null
2167 Zer moduz!	3.000000	null
2168 Zer moduz!	3.000000	null
2169 Zer moduz!	3.000000	null
2170 Zer moduz!	3.000000	null
2171 Zer moduz!	3.000000	null
2172 Zer moduz!	3.000000	null
2173 Zer moduz!	3.000000	null
2174 Zer moduz!	3.000000	null
2175 Zer moduz!	3.000000	null
2176 Zer moduz!	3.000000	null
2177 Zer moduz!	3.000000	null
2178 Zer moduz!	3.000000	null
2179 Zer moduz!	3.000000	null
2180 Zer moduz!	3.000000	null
2181 Zer moduz!	3.000000	null
2182 Zer moduz!	3.000000	null
2183 Zer moduz!	3.000000	null
2184 Zer moduz!	3.000000	null
2185 Zer moduz!	3.000000	null
2186 Zer moduz!	3.000000	null
2187 Zer moduz!	3.000000	null
2188 Zer moduz!	3.000000	null
2189 Zer moduz!	3.000000	null
2190 Zer moduz!	3.000000	null
2191 Zer moduz!	3.000000	null
2192 Zer moduz!	3.000000	null
2193 Zer moduz!	3.000000	null
2194 Zer moduz!	3.000000	null
2195 Zer moduz!	3.000000	null
2196 Zer moduz!	3.000000	null
2197 Zer moduz!	3.000000	null
2198 Zer moduz!	3.000000	null
2199 Zer moduz!	3.000000	null
2200 Zer moduz!	3.000000	null
2201 Zer moduz!	3.000000	null
2202 Zer moduz!	3.000000	null
2203 Zer moduz!	3.000000	null
2204 Zer moduz!	3.000000	null
2205 Zer moduz!	3.000000	null
2206 Zer moduz!	3.000000	null
2207 Zer moduz!	3.000000	null
2208 Zer moduz!	3.000000	null
2209 Zer moduz!	3.000000	null
2210 Zer moduz!	3.000000	null
2211 Zer moduz!	3.000000	null
2212 Zer moduz!	3.000000	null
2213 Zer moduz!	3.000000	null
2214 Zer moduz!	3.000000	null
2215 Zer moduz!	3.000000	null
2216 Zer moduz!	3.000000	null
2217 Zer moduz!	3.000000	null
2218 Zer moduz!	3.000000	null
2219 Zer moduz!	3.000000	null
2220 Zer moduz!	3.000000	null
2221 Zer moduz!	3.000000	null
2222 Zer moduz!	3.000000	null
2223 Zer moduz!	3.000000	null
2224 Zer moduz!	3.000000	null
2225 Zer moduz!	3.000000	null
2226 Zer moduz!	3.000000	null
2227 Zer moduz!	3.000000	null
2228 Zer moduz!	3.000000	null
2229 Zer moduz!	3.000000	null
2230 Zer moduz!	3.000000	null
2231 Zer moduz!	3.000000	null
2232 Zer moduz!	3.000000	null
2233 Zer moduz!	3.000000	null
2234 Zer moduz!	3.000000	null
2235 Zer moduz!	3.000000	null
2236 Zer moduz!	3.000000	null
2237 Zer moduz!	3.000000	null
2238 Zer moduz!	3.000000	null
2239 Zer moduz!	3.000000	null
2240 Zer moduz!	3.000000	null
2241 Zer moduz!	3.000000	null
2242 Zer moduz!	3.000000	null
2243 Zer moduz!	3.000000	null
2244 Zer moduz!	3.000000	null
2245 Zer moduz!	3.000000	null
2246 Zer moduz!	3.000000	null
2247 Zer moduz!	3.000000	null
2248 Zer moduz!	3.000000	null
2249 Zer moduz!	3.000000	null
2250 Zer moduz!	3.000000	null
2251 Zer moduz!	3.000000	null
2252 Zer moduz!	3.000000	null
2253 Zer moduz!	3.000000	null
2254 Zer moduz!	3.000000	null
2255 Zer moduz!	3.000000	null
2256 Zer moduz!	3.000000	null
2257 Zer moduz!	3.000000	null
2258 Zer moduz!	3.000000	null
2259 Zer moduz!	3.000000	null
2260 Zer moduz!	3.000000	null
2261 Zer moduz!	3.000000	null
2262 Zer moduz!	3.000000	null
2263 Zer moduz!	3.000000	null
2264 Zer moduz!	3.000000	null
2265 Zer moduz!	3.000000	null
2266 Zer moduz!	3.000000	null
2267 Zer moduz!	3.000000	null
2268 Zer moduz!	3.000000	null
2269 Zer moduz!	3.000000	null
2270 Zer moduz!	3.000000	null
2271 Zer moduz!	3.000000	null
2272 Zer moduz!	3.000000	null
2273 Zer moduz!	3.000000	null
2274 Zer moduz!	3.000000	null
2275 Zer moduz!	3.000000	null
2276 Zer moduz!	3.000000	null
2277 Zer moduz!	3.000000	null
2278 Zer moduz!	3.000000	null
2279 Zer moduz!	3.000000	null
2280 Zer moduz!	3.000000	null
2281 Zer moduz!	3.000000	null
2282 Zer moduz!	3.000000	null
2283 Zer moduz!	3.000000	null
2284 Zer moduz!	3.000000	null
2285 Zer moduz!	3.000000	null
2286 Zer moduz!	3.000000	null
2287 Zer moduz!	3.000000	null
2288 Zer moduz!	3.000000	null
2289 Zer moduz!	3.000000	null
2290 Zer moduz!	3.000000	null
2291 Zer moduz!	3.000000	null
2292 Zer moduz!	3.000000	null
2293 Zer moduz!	3.000000	null
2294 Zer moduz!	3.000000	null
2295 Zer moduz!	3.000000	null
2296 Zer moduz!	3.000000	null
2297 Zer moduz!	3.000000	null
2298 Zer moduz!	3.000000	null
2299 Zer moduz!	3.000000	null
2300 Zer moduz!	3.000000	null
2301 Zer moduz!	3.000000	null
2302 Zer moduz!	3.000000	null
2303 Zer moduz!	3.000000	null
2304 Zer moduz!	3.000000	null
2305 Zer moduz!	3.000000	null
2306 Zer moduz!	3.000000	null
2307 Zer moduz!	3.000000	null
2308 Zer moduz!	3.000000	null
2309 Zer moduz!	3.000000	null
2310 Zer moduz!	3.000000	null
2311 Zer moduz!	3.000000	null
2312 Zer moduz!	3.000000	null
2313 Zer moduz!	3.000000	null
2314 Zer moduz!	3.000000	null
2315 Zer moduz!	3.000000	null
2316 Zer moduz!	3.000000	null
2317 Zer moduz!	3.000000	null
2318 Zer moduz!	3.000000	null
2319 Zer moduz!	3.000000	null
2320 Zer moduz!	3.000000	null
2321 Zer moduz!	3.000000	null
2322 Zer moduz!	3.000000	null
2323 Zer moduz!	3.000000	null
2324 Zer moduz!	3.000000	null
2325 Zer moduz!	3.000000	null
2326 Zer moduz!	3.000000	null
2327 Zer moduz!	3.000000	null
2328 Zer moduz!	3.000000	null
2329 Zer moduz!	3.000000	null
2330 Zer moduz!	3.000000	null
2331 Zer moduz!	3.000000	null
2332 Zer moduz!	3.000000	null
2333 Zer moduz!	3.000000	null
2334 Zer moduz!	3.000000	null
2335 Zer moduz!	3.000000	null
2336 Zer moduz!	3.000000	null
2337 Zer moduz!	3.000000	null
2338 Zer moduz!	3.000000	null
2339 Zer moduz!	3.000000	null
2340 Zer moduz!	3.000000	null
2341 Zer moduz!	3.000000	null
2342 Zer moduz!	3.000000	null
2343 Zer moduz!	3.000000	null
2344 Zer moduz!	3.000000	null
2345 Zer moduz!	3.000000	null
2346 Zer moduz!	3.000000	null
2347 Zer moduz!	3.000000	null
2348 Zer moduz!	3.000000	null
2349 Zer moduz!	3.000000	null
2350 Zer moduz!	3.000000	null
2351 Zer moduz!	3.000000	null
2352 Zer moduz!	3.000000	null
2353 Zer moduz!	3.000000	null
2354 Zer moduz!	3.000000	null
2355 Zer moduz!	3.000000	null
2356 Zer moduz!	3.000000	null
2357 Zer moduz!	3.000000	null
2358 Zer moduz!	3.000000	null
2359 Zer moduz!	3.000000	null
2360 Zer moduz!	3.000000	null
2361 Zer moduz!	3.000000	null
2362 Zer moduz!	3.000000	null
2363 Zer moduz!	3.000000	null
2364 Zer moduz!	3.000000	null
2365 Zer moduz!	3.000000	null
2366 Zer moduz!	3.000000	null
2367 Zer moduz!	3.000000	null
2368 Zer moduz!	3.000000	null
2369 Zer moduz!	3.000000	null
2370 Zer moduz!	3.000000	null
2371 Zer moduz!	3.000000	null
2372 Zer moduz!	3.000000	null
2373 Zer moduz!	3.000000	null
2374 Zer moduz!	3.000000	null
2375 Zer moduz!	3.000000	null
2376 Zer moduz!	3.000000	null
2377 Zer moduz!	3.000000	null
2378 Zer moduz!	3.000000	null
2379 Zer moduz!	3.000000	null
2380 Zer moduz!	3.000000	null
2381 Zer moduz!	3.000000	null
2382 Zer moduz!	3.000000	null
2383 Zer moduz!	3.000000	null
2384 Zer moduz!	3.000000	null
2385 Zer moduz!	3.000000	null
2386 Zer moduz!	3.000000	null
2387 Zer moduz!	3.000000	null
2388 Zer moduz!	3.000000	null
2389 Zer moduz!	3.000000	null
2390 Zer moduz!	3.000000	null
2391 Zer moduz!	3.000000	null
2392 Zer moduz!	3.000000	null
2393 Zer moduz!	3.000000	null
2394 Zer moduz!	3.000000	null
2395 Zer moduz!	3.000000	null
2396 Zer moduz!	3.000000	null
2397 Zer moduz!	3.000000	null
2398 Zer moduz!	3.000000	null
2399 Zer moduz!	3.000000	null
2400 Zer moduz!	3.000000	null
2401 Zer moduz!	3.000000	null
2402 Zer moduz!	3.000000	null
2403 Zer moduz!	3.000000	null
2404 Zer moduz!	3.000000	null
2405 Zer moduz!	3.000000	null
2406 Zer moduz!	3.000000	null
2407 Zer moduz!	3.000000	null
2408 Zer moduz!	3.000000	null
2409 Zer moduz!	3.000000	null
2410 Zer moduz!	3.000000	null
2411 Zer moduz!	3.000000	null
2412 Zer moduz!	3.000000	null
2413 Zer moduz!	3.000000	null
2414 Zer moduz!	3.000000	null
2415 Zer moduz!	3.000000	null
2416 Zer moduz!	3.000000	null
2417 Zer moduz!	3.000000	null
2418 Zer moduz!	3.000000	null
2419 Zer moduz!	3.000000	null
2420 Zer moduz!	3.000000	null
2421 Zer moduz!	3.000000	null
2422 Zer moduz!	3.000000	null
2423 Zer moduz!	3.000000	null
2424 Zer moduz!	3.000000	null
2425 Zer moduz!	3.000000	null
2426 Zer moduz!	3.000000	null
2427 Zer moduz!	3.000000	null
2428 Zer moduz!	3.000000	null
2429 Zer moduz!	3.000000	null
2430 Zer moduz!	3.000000	null
2431 Zer moduz!	3.000000	null
2432 Zer moduz!	3.000000	null
2433 Zer moduz!	3.000000	null
2434 Zer moduz!	3.000000	null
2435 Zer moduz!	3.000000	null
2436 Zer moduz!	3.000000	null
2437 Zer moduz!	3.000000	null
2438 Zer moduz!	3.000000	null
2439 Zer moduz!	3.000000	null
2440 Zer moduz!	3.000000	null
2441 Zer moduz!	3.000000	null
2442 Zer moduz!	3.000000	null
2443 Zer moduz!	3.000000	null
2444 Zer moduz!	3.000000	null
2445 Zer moduz!	3.000000	null
2446 Zer moduz!	3.000000	null
2447 Zer moduz!	3.000000	null
2448 Zer moduz!	3.000000	null
2449 Zer moduz!	3.000000	null
2450 Zer moduz!	3.000000	null
2451 Zer moduz!	3.000000	null
2452 Zer moduz!	3.000000	null
2453 Zer moduz!	3.000000	null
2454 Zer moduz!	3.000000	null
2455 Zer moduz!	3.000000	null
2456 Zer moduz!	3.000000	null
2457 Zer moduz!	3.000000	null
2458 Zer moduz!	3.000000	null
2459 Zer moduz!	3.000000	null
2460 Zer moduz!	3.000000	null
2461 Zer moduz!	3.000000	null
2462 Zer moduz!	3.000000	null
2463 Zer moduz!	3.000000	null
2464 Zer moduz!	3.000000	null
2465 Zer moduz!	3.000000	null
2466 Zer moduz!	3.000000	null
2467 Zer moduz!	3.000000	null
2468 Zer moduz!	3.000000	null
2469 Zer moduz!	3.000000	null
2470 Zer moduz!	3.000000	null
2471 Zer moduz!	3.000000	null
2472 Zer moduz!	3.000000	null
2473 Zer moduz!	3.000000	null
2474 Zer moduz!	3.000000	null
2475 Zer moduz!	3.000000	null
2476 Zer moduz!	3.000000	null
2477 Zer moduz!	3.000000	null
2478 Zer moduz!	3.000000	null
2479 Zer moduz!	3.000000	null
2480 Zer moduz!	3.000000	null
2481 Zer moduz!	3.000000	null
2482 Zer moduz!	3.000000	null
2483 Zer moduz!	3.000000	null
2484 Zer moduz!	3.000000	null
2485 Zer moduz!	3.000000	null
2486 Zer moduz!	3.000000	null
2487 Zer moduz!	3.000000	null
2488 Zer moduz!	3.000000	null
2489 Zer moduz!	3.000000	null
2490 Zer moduz!	3.000000	null
2491 Zer moduz!	3.000000	null
2492 Zer moduz!	3.000000	null
2493 Zer moduz!	3.000000	null
2494 Zer moduz!	3.000000	null
2495 Zer moduz!	3.000000	null
2496 Zer moduz!	3.000000	null
2497 Zer moduz!	3.000000	null
2498 Zer moduz!	3.000000	null
2499 Zer moduz!	3.000000	null
2500 Zer moduz!	3.000000	null
2501 Zer moduz!	3.000000	null
2502 Zer moduz!	3.000000	null
2503 Zer moduz!	3.000000	null
2504 Zer moduz!	3.000000	null
2505 Zer moduz!	3.000000	null
2506 Zer moduz!	3.000000	null
2507 Zer moduz!	3.000000	null
2508 Zer moduz!	3.000000	null
2509 Zer moduz!	3.000000	null
2510 Zer moduz!	3.000000	null
2511 Zer moduz!	3.000000	null
2512 Zer moduz!	3.000000	null
2513 Zer moduz!	3.000000	null
2514 Zer moduz!	3.000000	null
2515 Zer moduz!	3.000000	null
2516 Zer moduz!	3.000000	null
2517 Zer moduz!	3.000000	null
2518 Zer moduz!	3.000000	null
2519 Zer moduz!	3.000000	null
2520 Zer moduz!	3.000000	null
2521 Zer moduz!	3.000000	null
2522 Zer moduz!	3.000000	null
2523 Zer moduz!	3.000000	null
2524 Zer moduz!	3.000000	null
2525 Zer moduz!	3.000000	null
2526 Zer moduz!	3.000000	null
2527 Zer moduz!	3.000000	null
2528 Zer moduz!	3.000000	null
2529 Zer moduz!	3.000000	null
2530 Zer moduz!	3.000000	null
2531 Zer moduz!	3.000000	null
2532 Zer moduz!	3.000000	null
2533 Zer moduz!	3.000000	null
2534 Zer moduz!	3.000000	null
2535 Zer moduz!	3.000000	null
2536 Zer moduz!	3.000000	null
2537 Zer moduz!	3.000000	null
2538 Zer moduz!	3.000000	null
2539 Zer moduz!	3.000000	null
2540 Zer moduz!	3.000000	null
2541 Zer moduz!	3.000000	null
2542 Zer moduz!	3.000000	null
2543 Zer moduz!	3.000000	null
2544 Zer moduz!	3.000000	null
2545 Zer moduz!	3.000000	null
2546 Zer moduz!	3.000000	null
2547 Zer moduz!	3.000000	null
2548 Zer moduz!	3.000000	null
2549 Zer moduz!	3.000000	null
2550 Zer moduz!	3.000000	null
2551 Zer moduz!	3.000000	null
2552 Zer moduz!	3.000000	null
2553 Zer moduz!	3.000000	null
2554 Zer moduz!	3.000000	null
2555 Zer moduz!	3.000000	null
2556 Zer moduz!	3.000000	null
2557 Zer moduz!	3.000000	null
2558 Zer moduz!	3.000000	null
2559 Zer moduz!	3.000000	null
2560 Zer moduz!	3.000000	null
2561 Zer moduz!	3.000000	null
2562 Zer moduz!	3.000000	null
2563 Zer moduz!	3.000000	null
2564 Zer moduz!	3.000000	null
2565 Zer moduz!	3.000000	null
2566 Zer moduz!	3.000000	null
2567 Zer moduz!	3.000000	null
2568 Zer moduz!	3.000000	null
2569 Zer moduz!	3.000000	null
2570 Zer moduz!	3.000000	null
2571 Zer moduz!	3.000000	null
2572 Zer moduz!	3.000000	null
2573 Zer moduz!	3.000000	null
2574 Zer moduz!	3.000000	null
2575 Zer moduz!	3.000000	null
2576 Zer moduz!	3.000000	null
2577 Zer moduz!	3.000000	null
2578 Zer moduz!	3.000000	null
2579 Zer moduz!	3.000000	null
2580 Zer moduz!	3.000000	null
2581 Zer moduz!	3.000000	null
2582 Zer moduz!	3.000000	null
2583 Zer moduz!	3.000000	null
2584 Zer moduz!	3.000000	null
2585 Zer moduz!	3.000000	null
2586 Zer moduz!	3.000000	null
2587 Zer moduz!	3.000000	null
2588 Zer moduz!	3.000000	null
2589 Zer moduz!	3.000000	null
2590 Zer moduz!	3.000000	null
2591 Zer moduz!	3.000000	null
2592 Zer moduz!	3.000000	null
2593 Zer moduz!	3.000000	null
2594 Zer moduz!	3.000000	null
2595 Zer moduz!	3.000000	null
2596 Zer moduz!	3.000000	null
2597 Zer moduz!	3.000000	null
2598 Zer moduz!	3.000000	null
2599 Zer moduz!	3.000000	null
2600 Zer moduz!	3.000000	null
2601 Zer moduz!	3.000000	null
2602 Zer moduz!	3.000000	null
2603 Zer moduz!	3.000000	null
2604 Zer moduz!	3.000000	null
2605 Zer moduz!	3.000000	null
2606 Zer moduz!	3.000000	null
2607 Zer moduz!	3.000000	null
2608 Zer moduz!	3.000000	null
2609 Zer moduz!	3.000000	null
2610 Zer moduz!	3.000000	null
2611 Zer moduz!	3.000000	null
2612 Zer moduz!	3.000000	null
2613 Zer moduz!	3.000000	null
2614 Zer moduz!	3.000000	null
2615 Zer moduz!	3.000000	null
2616 Zer moduz!	3.000000	null
2617 Zer moduz!	3.000000	null
2618 Zer moduz!	3.000000	null
2619 Zer moduz!	3.000000	null
2620 Zer moduz!	3.000000	null
2621 Zer moduz!	3.000000	null
2622 Zer moduz!	3.000000	null
2623 Zer moduz!	3.000000	null
2624 Zer moduz!	3.000000	null
2625 Zer moduz!	3.000000	null
2626 Zer moduz!	3.000000	null
2627 Zer moduz!	3.000000	null
2628 Zer moduz!	3.000000	null
2629 Zer moduz!	3.000000	null
2630 Zer moduz!	3.000000	null
2631 Zer moduz!	3.000000	null
2632 Zer moduz!	3.000000	null
2633 Zer moduz!	3.000000	null
2634 Zer moduz!	3.000000	null
2635 Zer moduz!	3.000000	null
2636 Zer moduz!	3.000000	null
2637 Zer moduz!	3.000000	null
2638 Zer moduz!	3.000000	null
2639 Zer moduz!	3.000000	null
2640 Zer moduz!	3.000000	null
2641 Zer moduz!	3.000000	null
2642 Zer moduz!	3.000000	null
2643 Zer moduz!	3.000000	null
2644 Zer moduz!	3.000000	null
2645 Zer moduz!	3.000000	null
2646 Zer moduz!	3.000000	null
2647 Zer moduz!	3.000000	null
2648 Zer moduz!	3.000000	null
2649 Zer moduz!	3.000000	null
2650 Zer moduz!	3.000000	null
2651 Zer moduz!	3.000000	null
2652 Zer moduz!	3.000000	null
2653 Zer moduz!	3.000000	null
2654 Zer moduz!	3.000000	null
2655 Zer moduz!	3.000000	null
2656 Zer moduz!	3.000000	null
2657 Zer moduz!	3.000000	null
2658 Zer moduz!	3.000000	null
2659 Zer moduz!	3.000000	null
2660 Zer moduz!	3.000000	null
2661 Zer moduz!	3.000000	null
2662 Zer moduz!	3.000000	null
2663 Zer moduz!	3.000000	null
2664 Zer moduz!	3.000000	null
2665 Zer moduz!	3.000000	null
2666 Zer moduz!	3.000000	null
2667 Zer moduz!	3.000000	null
2668 Zer moduz!	3.000000	null
2669 Zer moduz!	3.000000	null
2670 Zer moduz!	3.000000	null
2671 Zer moduz!	3.000000	null
2672 Zer moduz!	3.000000	null
2673 Zer moduz!	3.000000	null
2674 Zer moduz!	3.000000	null
2675 Zer moduz!	3.000000	null
2676 Zer moduz!	3.000000	null
2677 Zer moduz!	3.000000	null
2678 Zer moduz!	3.000000	null
2679 Zer moduz!	3.000000	null
2680 Zer moduz!	3.000000	null
2681 Zer moduz!	3.000000	null
2682 Zer moduz!	3.000000	null
2683 Zer moduz!	3.000000	null
2684 Zer moduz!	3.000000	null
2685 Zer moduz!	3.000000	null
2686 Zer moduz!	3.000000	null
2687 Zer moduz!	3.000000	null
2688 Zer moduz!	3.000000	null
2689 Zer moduz!	3.000000	null
2690 Zer moduz!	3.000000	null
2691 Zer moduz!	3.000000	null
2692 Zer moduz!	3.000000	null
2693 Zer moduz!	3.000000	null
2694 Zer moduz!	3.000000	null
2695 Zer moduz!	3.000000	null
2696 Zer moduz!	3.000000	null
2697 Zer moduz!	3.000000	null
2698 Zer moduz!	3.000000	null
2699 Zer moduz!	3.000000	null
2700 Zer moduz!	3.000000	null
2701 Zer moduz!	3.000000	null
2702 Zer moduz!	3.000000	null
2703 Zer moduz!	3.000000	null
2704 Zer moduz!	3.000000	null
2705 Zer moduz!	3.000000	null
2706 Zer moduz!	3.000000	null
2707 Zer moduz!	3.000000	null
2708 Zer moduz!	3.000000	null
2709 Zer moduz!	3.000000	null
2710 Zer moduz!	3.000000	null
2711 Zer moduz!	3.000000	null
2712 Zer moduz!	3.000000	null
2713 Zer moduz!	3.000000	null
2714 Zer moduz!	3.000000	null
2715 Zer moduz!	3.000000	null
2716 Zer moduz!	3.000000	null
2717 Zer moduz!	3.000000	null
2718 Zer moduz!	3.000000	null
2719 Zer moduz!	3.000000	null
2720 Zer moduz!	3.000000	null
2721 Zer moduz!	3.000000	null
2722 Zer moduz!	3.000000	null
2723 Zer moduz!	3.000000	null
2724 Zer moduz!	3.000000	null
2725 Zer moduz!	3.000000	null
2726 Zer moduz!	3.000000	null
2727 Zer moduz!	3.000000	null
2728 Zer moduz!	3.000000	null
2729 Zer moduz!	3.000000	null
2730 Zer moduz!	3.000000	null
2731 Zer moduz!	3.000000	null
2732 Zer moduz!	3.000000	null
2733 Zer moduz!	3.000000	null
2734 Zer moduz!	3.000000	null
2735 Zer moduz!	3.000000	null
2736 Zer moduz!	3.000000	null
2737 Zer moduz!	3.000000	null
2738 Zer moduz!	3.000000	null
2739 Zer moduz!	3.000000	null
2740 Zer moduz!	3.000000	null
2741 Zer moduz!	3.000000	null
2742 Zer moduz!	3.000000	null
2743 Zer moduz!	3.000000	null
2744 Zer moduz!	3.000000	null
2745 Zer moduz!	3.000000	null
2746 Zer moduz!	3.000000	null
2747 Zer moduz!	3.000000	null
2748 Zer moduz!	3.000000	null
2749 Zer moduz!	3.000000	null
2750 Zer moduz!	3.000000	null
2751 Zer moduz!	3.000000	null
2752 Zer moduz!	3.000000	null
2753 Zer moduz!	3.000000	null
2754 Zer moduz!	3.000000	null
2755 Zer moduz!	3.000000	null
2756 Zer moduz!	3.000000	null
2757 Zer moduz!	3.000000	null
2758 Zer moduz!	3.000000	null
2759 Zer moduz!	3.000000	null
2760 Zer moduz!	3.000000	null
2761 Zer moduz!	3.000000	null
2762 Zer moduz!	3.000000	null
2763 Zer moduz!	3.000000	null
2764 Zer moduz!	3.000000	null
2765 Zer moduz!	3.000000	null
2766 Zer moduz!	3.000000	null
2767 Zer moduz!	3.000000	null
2768 Zer moduz!	3.000000	null
2769 Zer moduz!	3.000000	null
2770 Zer moduz!	3.000000	null
2771 Zer moduz!	3.000000	null
2772 Zer moduz!	3.000000	null
2773 Zer moduz!	3.000000	null
2774 Zer moduz!	3.000000	null
2775 Zer moduz!	3.000000	null
2776 Zer moduz!	3.000000	null
2777 Zer moduz!	3.000000	null
2778 Zer moduz!	3.000000	null
2779 Zer moduz!	3.000000	null
2780 Zer moduz!	3.000000	null
2781 Zer moduz!	3.000000	null
2782 Zer moduz!	3.000000	null
2783 Zer moduz!	3.000000	null
2784 Zer moduz!	3.000000	null
2785 Zer moduz!	3.000000	null
2786 Zer moduz!	3.000000	null
2787 Zer moduz!	3.000000	null
2788 Zer moduz!	3.000000	null
2789 Zer moduz!	3.000000	null
2790 Zer moduz!	3.000000	null
2791 Zer moduz!	3.000000	null
2792 Zer moduz!	3.000000	null
2793 Zer moduz!	3.000000	null
2794 Zer moduz!	3.000000	null
2795 Zer moduz!	3.000000	null
2796 Zer moduz!	3.000000	null
2797 Zer moduz!	3.000000	null
2798 Zer moduz!	3.000000	null
2799 Zer moduz!	3.000000	null
2800 Zer moduz!	3.000000	null
2801 Zer moduz!	3.000000	null
2802 Zer moduz!	3.000000	null
2803 Zer moduz!	3.000000	null
2804 Zer moduz!	3.000000	null
2805 Zer moduz!	3.000000	null
2806 Zer moduz!	3.000000	null
2807 Zer moduz!	3.000000	null
2808 Zer moduz!	3.000000	null
2809 Zer moduz!	3.000000	null
2810 Zer moduz!	3.000000	null
2811 Zer moduz!	3.000000	null
2812 Zer moduz!	3.000000	null
2813 Zer moduz!	3.000000	null
2814 Zer moduz!	3.000000	null
2815 Zer moduz!	3.000000	null
2816 Zer moduz!	3.000000	null
2817 Zer moduz!	3.000000	null
2818 Zer moduz!	3.000000	null
2819 Zer moduz!	3.000000	null
2820 Zer moduz!	3.000000	null
2821 Zer moduz!	3.000000	null
2822 Zer moduz!	3.000000	null
2823 Zer moduz!	3.000000	null
2824 Zer moduz!	3.000000	null
2825 Zer moduz!	3.000000	null
2826 Zer moduz!	3.000000	null
2827 Zer moduz!	3.000000	null
2828 Zer moduz!	3.000000	null
2829 Zer moduz!	3.000000	null
2830 Zer moduz!	3.000000	null
2831 Zer moduz!	3.000000	null
2832 Zer moduz!	3.000000	null
2833 Zer moduz!	3.000000	null
2834 Zer moduz!	3.000000	null
2835 Zer moduz!	3.000000	null
2836 Zer moduz!	3.000000	null
2837 Zer moduz!	3.000000	null
2838 Zer moduz!	3.000000	null
2839 Zer moduz!	3.000000	null
2840 Zer moduz!	3.000000	null
2841 Zer moduz!	3.000000	null
2842 Zer moduz!	3.000000	null
2843 Zer moduz!	3.000000	null
2844 Zer moduz!	3.000000	null
2845 Zer moduz!	3.000000	null
2846 Zer moduz!	3.000000	null
2847 Zer moduz!	3.000000	null
2848 Zer moduz!	3.000000	null
2849 Zer moduz!	3.000000	null
2850 Zer moduz!	3.000000	null
2851 Zer moduz!	3.000000	null
2852 Zer moduz!	3.000000	null
2853 Zer moduz!	3.000000	null
2854 Zer moduz!	3.000000	null
2855 Zer moduz!	3.000000	null
2856 Zer moduz!	3.000000	null
2857 Zer moduz!	3.000000	null
2858 Zer moduz!	3.000000	null
2859 Zer moduz!	3.000000	null
2860 Zer moduz!	3.000000	null
2861 Zer moduz!	3.000000	null
2862 Zer moduz!	3.000000	null
2863 Zer moduz!	3.000000	null
2864 Zer moduz!	3.000000	null
2865 Zer moduz!	3.000000	null
2866 Zer moduz!	3.000000	null
2867 Zer moduz!	3.000000	null
2868 Zer moduz!	3.000000	null
2869 Zer moduz!	3.000000	null
2870 Zer moduz!	3.000000	null
2871 Zer moduz!	3.000000	null
2872 Zer moduz!	3.000000	null
2873 Zer moduz!	3.000000	null
2874 Zer moduz!	3.000000	null
2875 Zer moduz!	3.000000	null
2876 Zer moduz!	3.000000	null
2877 Zer moduz!	3.000000	null
2878 Zer moduz!	3.000000	null
2879 Zer moduz!	3.000000	null
2880 Zer moduz!	3.000000	null
2881 Zer moduz!	3.000000	null
2882 Zer moduz!	3.000000	null
2883 Zer moduz!	3.000000	null
2884 Zer moduz!	3.000000	null
2885 Zer moduz!	3.000000	null
2886 Zer moduz!	3.000000	null
2887 Zer moduz!	3.000000	null
2888 Zer moduz!	3.000000	null
2889 Zer moduz!	3.000000	null
2890 Zer moduz!	3.000000	null
2891 Zer moduz!	3.000000	null
2892 Zer moduz!	3.000000	null
2893 Zer moduz!	3.000000	null
2894 Zer moduz!	3.000000	null
2895 Zer moduz!	3.000000	null
2896 Zer moduz!	3.000000	null
2897 Zer moduz!	3.000000	null
2898 Zer moduz!	3.000000	null
2899 Zer moduz!	3.000000	null
2900 Zer moduz!	3.000000	null
2901 Zer moduz!	3.000000	null
2902 Zer moduz!	3.000000	null
2903 Zer moduz!	3.000000	null
2904 Zer moduz!	3.000000	null
2905 Zer moduz!	3.000000	null
2906 Zer moduz!	3.000000	null
2907 Zer moduz!	3.000000	null
2908 Zer moduz!	3.000000	null
2909 Zer moduz!	3.000000	null
2910 Zer moduz!	3.000000	null
2911 Zer moduz!	3.000000	null
2912 Zer moduz!	3.000000	null
2913 Zer moduz!	3.000000	null
2914 Zer moduz!	3.000000	null
2915 Zer moduz!	3.000000	null
2916 Zer moduz!	3.000000	null
2917 Zer moduz!	3.000000	null
2918 Zer moduz!	3.000000	null
2919 Zer moduz!	3.000000	null
2920 Zer moduz!	3.000000	null
2921 Zer moduz!	3.000000	null
2922 Zer moduz!	3.000000	null
2923 Zer moduz!	3.000000	null
2924 Zer moduz!	3.000000	null
2925 Zer moduz!	3.000000	null
2926 Zer moduz!	3.000000	null
2927 Zer moduz!	3.000000	null
2928 Zer moduz!	3.000000	null
2929 Zer moduz!	3.000000	null
2930 Zer moduz!	3.000000	null
2931 Zer moduz!	3.000000	null
2932 Zer moduz!	3.000000	null
2933 Zer moduz!	3.000000	null
2934 Zer moduz!	3.000000	null
2935 Zer moduz!	3.000000	null
2936 Zer moduz!	3.000000	null
2937 Zer moduz!	3.000000	null
2938 Zer moduz!	3.000000	null
2939 Zer moduz!	3.000000	null
2940 Zer moduz!	3.000000	null
2941 Zer moduz!	3.000000	null
2942 Zer moduz!	3.000000	null
2943 Zer moduz!	3.000000	null
2944 Zer moduz!	3.000000	null
2945 Zer moduz!	3.000000	null
2946 Zer moduz!	3.000000	null
2947 Zer moduz!	3.000000	null
2948 Zer moduz!	3.000000	null
2949 Zer moduz!	3.000000	null
2950 Zer moduz!	3.000000	null
2951 Zer moduz!	3.000000	null
2952 Zer moduz!	3.000000	null
2953 Zer moduz!	3.000000	null
2954 Zer moduz!	3.000000	null
2955 Zer moduz!	3.000000	null
2956 Zer moduz!	3.000000	null
2957 Zer moduz!	3.000000	null
2958 Zer moduz!	3.000000	null
2959 Zer moduz!	3.000000	null
2960 Zer moduz!	3.000000	null
2961 Zer moduz!	3.000000	null
2962 Zer moduz!	3.000000	null
2963 Zer moduz!	3.000000	null
2964 Zer moduz!	3.000000	null
2965 Zer moduz!	3.000000	null
2966 Zer moduz!	3.000000	null
2967 Zer moduz!	3.000000	null
2968 Zer moduz!	3.000000	null
2969 Zer moduz!	3.000000	null
2970 Zer moduz!	3.000000	null
2971 Zer moduz!	3.000000	null
2972 Zer moduz!	3.000000	null
2973 Zer moduz!	3.000000	null
2974 Zer moduz!	3.000000	null
2975 Zer moduz!	3.000000	null
2976 Zer moduz!	3.000000	null
2977 Zer moduz!	3.000000	null
2978 Zer moduz!	3.000000	null
2979 Zer moduz!	3.000000	null
2980 Zer moduz!	3.000000	null
2981 Zer moduz!	3.000000	null
2982 Zer moduz!	3.000000	null
2983 Zer moduz!	3.000000	null
2984 Zer moduz!	3.000000	null
2985 Zer moduz!	3.000000	null
2986 Zer moduz!	3.000000	null
2987 Zer moduz!	3.000000	null
2988 Zer moduz!	3.000000	null
2989 Zer moduz!	3.000000	null
2990 Zer moduz!	3.000000	null
2991 Zer moduz!	3.000000	null
2992 Zer moduz!	3.000000	null
2993 Zer moduz!	3.000000	null
2994 Zer moduz!	3.000000	null
2995 Zer moduz!	3.000000	null
2996 Zer moduz!	3.000000	null
2997 Zer moduz!	3.000000	null
2998 Zer moduz!	3.000000	null
2999 Zer moduz!	3.000000	null
Kaixo!	3.000000	null
Epa!	3.000000	null
Maite zaitut, euskara!	1.000000	null
Zer moduz!	3.000000	null
Zer moduz!	3.000000	null
Zer moduz!	3.000000	null
Zer moduz!	3.000000	null
Zer moduz!	3.000000	null
Zer moduz!	3.000000	null
Zer moduz!	3.000000	null
Zer moduz!	3.000000	null
Zer moduz!	3.000000	null
